file;cost;time[s];error[%];method;heuristic;path
burma14.tsp;6861,0;0,001;106,47;QAS;visibility;[13, 3, 10, 0, 4, 5, 11, 8, 2, 1, 12, 9, 6, 7, 13]
gr17.tsp;4197,0;0,001;101,295;QAS;visibility;[13, 10, 11, 4, 1, 2, 3, 15, 16, 5, 9, 12, 0, 7, 6, 8, 14, 13]
gr21.tsp;7670,0;0,0;183,339;QAS;visibility;[11, 4, 15, 5, 19, 20, 3, 16, 14, 9, 2, 8, 1, 18, 17, 7, 13, 0, 10, 6, 12, 11]
gr24.tsp;3638,0;0,001;186,006;QAS;visibility;[11, 8, 18, 20, 9, 12, 4, 0, 6, 7, 21, 14, 13, 5, 19, 23, 3, 17, 1, 2, 22, 16, 10, 15, 11]
bays29.tsp;4561,0;0,001;125,792;QAS;visibility;[12, 27, 25, 8, 4, 16, 13, 6, 14, 24, 10, 21, 1, 22, 11, 26, 18, 15, 23, 17, 0, 5, 7, 19, 20, 2, 28, 9, 3, 12]
ftv33.atsp;4199,0;0,002;226,516;QAS;visibility;[31, 0, 11, 5, 18, 17, 29, 23, 27, 19, 30, 12, 1, 15, 6, 32, 24, 33, 10, 4, 14, 26, 13, 25, 28, 2, 3, 9, 8, 7, 21, 22, 20, 16, 31]
ftv44.atsp;6348,0;0,003;293,552;QAS;visibility;[33, 4, 15, 19, 22, 43, 42, 7, 17, 18, 40, 27, 38, 6, 28, 10, 1, 30, 26, 5, 11, 2, 34, 25, 0, 31, 44, 39, 13, 3, 20, 37, 23, 41, 21, 35, 14, 8, 16, 9, 24, 29, 32, 36, 12, 33]
ft53.atsp;25915,0;0,004;275,308;QAS;visibility;[3, 21, 29, 47, 10, 40, 42, 14, 45, 5, 25, 7, 48, 18, 34, 2, 9, 50, 8, 23, 46, 30, 52, 27, 31, 26, 38, 41, 16, 36, 32, 12, 37, 44, 43, 6, 33, 15, 24, 49, 35, 19, 0, 39, 51, 1, 22, 17, 13, 20, 28, 11, 4, 3]
ch150.tsp;54095,0;0,03;728,661;QAS;visibility;[29, 61, 67, 43, 31, 115, 118, 107, 111, 73, 30, 78, 82, 16, 131, 52, 49, 127, 64, 130, 46, 139, 140, 60, 9, 149, 8, 20, 86, 47, 135, 59, 134, 88, 119, 128, 42, 55, 122, 23, 26, 129, 63, 113, 71, 104, 142, 18, 62, 45, 66, 1, 68, 50, 121, 84, 48, 2, 124, 22, 72, 80, 98, 112, 13, 6, 19, 81, 76, 146, 141, 114, 110, 89, 123, 97, 4, 28, 100, 35, 41, 95, 116, 109, 108, 105, 54, 96, 17, 79, 44, 58, 0, 70, 69, 53, 106, 38, 36, 40, 133, 93, 117, 37, 92, 91, 137, 145, 126, 144, 87, 51, 3, 138, 32, 11, 34, 125, 21, 14, 143, 56, 75, 132, 77, 57, 147, 85, 39, 27, 83, 102, 7, 99, 90, 94, 148, 33, 15, 5, 12, 74, 120, 10, 25, 136, 65, 24, 103, 101, 29]
ftv170.atsp;26148,0;0,04;849,111;QAS;visibility;[3, 43, 87, 113, 140, 8, 64, 134, 54, 105, 115, 92, 85, 97, 149, 101, 83, 6, 4, 138, 135, 124, 159, 1, 25, 24, 110, 55, 72, 120, 34, 128, 53, 108, 9, 153, 7, 56, 68, 131, 93, 79, 158, 151, 155, 19, 147, 102, 137, 5, 111, 152, 0, 165, 38, 88, 118, 107, 42, 47, 76, 48, 129, 141, 126, 17, 18, 59, 150, 160, 46, 65, 27, 35, 44, 86, 16, 61, 167, 145, 30, 114, 157, 106, 70, 10, 41, 104, 63, 15, 49, 81, 29, 14, 78, 169, 164, 20, 66, 136, 74, 103, 26, 142, 32, 57, 123, 67, 127, 143, 33, 90, 94, 52, 21, 139, 119, 98, 125, 116, 89, 132, 13, 133, 36, 60, 69, 161, 80, 99, 50, 12, 45, 156, 23, 39, 96, 112, 130, 148, 122, 11, 62, 166, 75, 95, 168, 91, 73, 58, 154, 100, 40, 77, 144, 162, 31, 109, 37, 28, 84, 71, 146, 82, 22, 121, 2, 163, 51, 117, 170, 3]
gr202.tsp;278266,0;0,059;592,893;QAS;visibility;[201, 17, 1, 135, 40, 95, 151, 30, 3, 152, 69, 177, 84, 136, 29, 76, 187, 186, 33, 106, 164, 63, 199, 38, 194, 116, 104, 184, 162, 50, 178, 66, 144, 90, 62, 11, 129, 185, 103, 128, 55, 105, 67, 133, 24, 153, 148, 141, 34, 96, 134, 32, 26, 119, 75, 150, 163, 143, 81, 68, 196, 85, 183, 25, 51, 138, 197, 48, 174, 82, 22, 182, 94, 13, 156, 175, 57, 193, 54, 198, 139, 101, 45, 127, 176, 120, 23, 86, 20, 43, 87, 8, 39, 21, 5, 47, 49, 41, 83, 28, 59, 108, 172, 80, 18, 58, 137, 130, 155, 71, 171, 102, 122, 61, 64, 109, 56, 200, 118, 145, 44, 27, 92, 70, 36, 179, 168, 123, 15, 169, 72, 188, 158, 173, 16, 89, 115, 14, 79, 4, 111, 113, 0, 37, 146, 191, 154, 65, 9, 19, 192, 131, 132, 142, 124, 159, 161, 52, 74, 110, 147, 167, 157, 6, 125, 140, 91, 78, 170, 88, 73, 10, 12, 107, 166, 53, 77, 114, 189, 2, 160, 93, 31, 97, 112, 180, 195, 165, 149, 100, 121, 190, 42, 99, 60, 7, 117, 46, 35, 126, 98, 181, 201]
gr666.tsp;5176491,0;1,008;1658,57;QAS;visibility;[30, 586, 657, 138, 448, 268, 95, 258, 527, 492, 591, 647, 595, 415, 644, 315, 526, 402, 296, 370, 58, 166, 541, 81, 532, 9, 159, 39, 338, 381, 266, 147, 80, 449, 330, 503, 228, 566, 90, 580, 423, 34, 592, 302, 77, 252, 50, 622, 350, 614, 665, 663, 271, 505, 153, 89, 29, 522, 479, 546, 558, 276, 328, 257, 344, 208, 516, 279, 76, 557, 45, 69, 409, 267, 450, 190, 229, 130, 619, 132, 131, 93, 658, 75, 318, 471, 175, 280, 621, 155, 518, 382, 519, 436, 198, 615, 596, 451, 124, 511, 8, 564, 239, 100, 5, 363, 305, 221, 352, 99, 604, 269, 233, 401, 366, 188, 500, 341, 656, 570, 195, 126, 515, 365, 301, 209, 253, 232, 83, 563, 388, 322, 11, 238, 435, 565, 659, 111, 620, 336, 442, 353, 286, 611, 314, 22, 295, 618, 521, 373, 551, 360, 247, 79, 626, 490, 535, 307, 537, 603, 552, 426, 183, 12, 456, 404, 204, 394, 599, 70, 323, 481, 282, 337, 356, 234, 377, 203, 23, 84, 249, 179, 588, 36, 464, 476, 643, 554, 136, 109, 424, 627, 496, 617, 41, 163, 348, 78, 121, 652, 186, 590, 189, 37, 297, 369, 299, 585, 201, 215, 428, 118, 289, 650, 477, 524, 245, 15, 630, 143, 427, 639, 581, 43, 567, 285, 308, 325, 210, 664, 32, 292, 52, 387, 51, 412, 231, 237, 509, 74, 662, 379, 520, 542, 48, 392, 167, 654, 607, 248, 582, 256, 640, 197, 235, 499, 287, 634, 161, 555, 414, 294, 530, 641, 383, 178, 646, 71, 160, 213, 463, 113, 62, 72, 293, 101, 416, 587, 548, 6, 168, 319, 26, 7, 278, 281, 193, 275, 399, 141, 214, 96, 605, 259, 583, 469, 478, 556, 495, 462, 389, 422, 134, 419, 255, 185, 227, 33, 192, 484, 523, 513, 573, 544, 562, 569, 158, 313, 574, 510, 395, 106, 498, 13, 66, 602, 291, 123, 540, 0, 54, 225, 112, 242, 250, 199, 42, 486, 61, 597, 19, 251, 431, 127, 453, 660, 180, 172, 103, 17, 368, 468, 68, 38, 504, 277, 543, 475, 154, 625, 142, 485, 67, 572, 411, 240, 230, 425, 454, 49, 224, 429, 376, 243, 362, 482, 386, 417, 125, 609, 300, 97, 135, 217, 169, 508, 631, 642, 146, 139, 216, 459, 636, 326, 507, 226, 102, 578, 28, 473, 222, 47, 14, 420, 342, 598, 357, 461, 116, 439, 467, 390, 443, 447, 18, 438, 35, 545, 324, 393, 610, 212, 584, 304, 176, 441, 55, 437, 10, 194, 445, 85, 403, 157, 406, 60, 410, 430, 575, 608, 182, 623, 600, 400, 613, 16, 312, 358, 65, 273, 149, 57, 327, 553, 480, 432, 384, 359, 612, 320, 91, 645, 206, 108, 347, 129, 355, 24, 331, 470, 334, 290, 440, 489, 421, 184, 638, 332, 455, 536, 633, 200, 263, 137, 340, 110, 133, 345, 262, 349, 466, 46, 145, 117, 170, 241, 547, 405, 56, 244, 115, 335, 218, 560, 187, 371, 21, 82, 152, 272, 601, 25, 219, 63, 321, 196, 512, 433, 151, 568, 346, 333, 211, 87, 298, 539, 343, 148, 494, 525, 98, 446, 316, 202, 391, 260, 205, 1, 351, 86, 517, 107, 236, 283, 372, 64, 413, 104, 119, 181, 434, 165, 94, 407, 380, 378, 20, 309, 220, 73, 491, 396, 207, 472, 493, 559, 284, 274, 648, 162, 651, 364, 27, 246, 374, 164, 173, 354, 361, 254, 114, 550, 460, 264, 397, 628, 317, 637, 191, 140, 502, 288, 303, 40, 59, 571, 339, 310, 649, 452, 616, 661, 501, 150, 306, 174, 488, 624, 4, 487, 653, 88, 105, 531, 465, 589, 92, 655, 31, 538, 629, 128, 122, 44, 528, 261, 398, 408, 635, 2, 311, 265, 171, 577, 549, 418, 444, 474, 156, 606, 561, 506, 579, 632, 534, 514, 593, 270, 3, 367, 497, 144, 576, 458, 53, 533, 483, 120, 375, 594, 223, 457, 385, 529, 177, 329, 30]
pcb442.tsp;793154,0;0,365;1462,003;QAS;visibility;[210, 440, 416, 113, 355, 258, 373, 172, 204, 183, 358, 76, 288, 120, 9, 286, 366, 213, 54, 121, 382, 117, 287, 29, 12, 40, 301, 367, 33, 377, 276, 346, 227, 342, 387, 190, 306, 184, 406, 439, 421, 95, 147, 71, 141, 433, 228, 37, 397, 114, 304, 214, 134, 245, 181, 251, 195, 272, 144, 49, 333, 390, 168, 385, 18, 330, 263, 235, 232, 219, 249, 225, 208, 267, 78, 430, 405, 41, 39, 87, 275, 294, 17, 422, 80, 302, 136, 264, 318, 427, 310, 193, 170, 205, 149, 169, 391, 32, 46, 45, 341, 23, 278, 3, 57, 35, 115, 412, 92, 314, 19, 307, 161, 350, 203, 319, 4, 211, 292, 125, 164, 25, 106, 83, 240, 381, 162, 60, 325, 101, 112, 418, 171, 129, 244, 351, 247, 130, 369, 322, 62, 417, 409, 126, 156, 260, 158, 133, 253, 401, 311, 36, 252, 321, 343, 361, 68, 61, 414, 216, 182, 223, 14, 48, 43, 353, 305, 441, 31, 279, 157, 88, 289, 336, 137, 407, 359, 372, 347, 271, 411, 102, 303, 384, 152, 135, 148, 111, 259, 243, 160, 89, 297, 10, 58, 256, 340, 8, 354, 413, 250, 155, 212, 308, 38, 242, 59, 270, 138, 437, 434, 356, 104, 146, 237, 53, 357, 165, 438, 395, 24, 218, 378, 107, 123, 309, 399, 269, 47, 352, 56, 425, 180, 290, 178, 368, 108, 27, 206, 185, 334, 424, 70, 34, 98, 105, 266, 197, 179, 349, 131, 163, 320, 388, 30, 186, 173, 116, 326, 217, 72, 331, 132, 376, 64, 324, 26, 344, 285, 293, 426, 1, 150, 140, 338, 283, 400, 189, 207, 396, 122, 231, 128, 77, 403, 109, 67, 166, 429, 15, 143, 94, 248, 5, 327, 316, 329, 21, 127, 176, 323, 0, 13, 282, 194, 262, 291, 398, 362, 380, 65, 348, 86, 234, 118, 296, 386, 188, 261, 312, 370, 332, 50, 229, 274, 103, 432, 74, 435, 226, 420, 402, 233, 371, 222, 299, 200, 153, 335, 209, 91, 428, 236, 174, 63, 84, 404, 238, 360, 410, 317, 139, 239, 52, 365, 85, 42, 6, 96, 110, 379, 187, 99, 100, 22, 284, 273, 408, 93, 345, 392, 198, 142, 145, 313, 328, 265, 230, 2, 159, 151, 124, 201, 221, 254, 55, 300, 375, 257, 215, 241, 66, 16, 82, 79, 281, 389, 280, 51, 255, 73, 90, 202, 69, 415, 431, 436, 81, 374, 20, 28, 199, 277, 191, 177, 363, 167, 337, 268, 97, 394, 192, 44, 154, 393, 364, 220, 383, 11, 295, 119, 196, 298, 75, 246, 423, 339, 224, 175, 7, 419, 315, 210]
rbg443.atsp;9094,0;0,354;234,338;QAS;visibility;[127, 333, 415, 354, 200, 223, 398, 175, 254, 332, 257, 213, 206, 431, 139, 157, 329, 89, 18, 216, 165, 98, 411, 358, 96, 367, 401, 45, 274, 168, 227, 67, 350, 280, 196, 273, 334, 85, 122, 149, 185, 339, 351, 112, 27, 330, 41, 26, 233, 306, 365, 341, 92, 232, 266, 302, 32, 129, 412, 156, 255, 74, 260, 263, 104, 359, 128, 235, 256, 48, 70, 361, 234, 271, 87, 136, 320, 304, 54, 438, 5, 205, 155, 31, 135, 337, 261, 342, 426, 15, 258, 106, 245, 51, 2, 13, 325, 225, 277, 248, 285, 62, 395, 14, 208, 192, 114, 268, 288, 209, 228, 144, 183, 64, 422, 123, 179, 369, 42, 294, 151, 16, 388, 314, 202, 265, 397, 298, 195, 440, 24, 363, 162, 12, 349, 326, 336, 287, 80, 59, 419, 421, 403, 182, 360, 267, 231, 69, 44, 131, 145, 435, 49, 1, 408, 21, 170, 53, 163, 284, 286, 199, 146, 442, 57, 399, 416, 124, 61, 262, 357, 385, 391, 297, 125, 30, 380, 432, 132, 78, 161, 238, 247, 201, 60, 11, 303, 0, 405, 259, 22, 407, 373, 29, 169, 436, 23, 46, 58, 148, 207, 198, 90, 409, 36, 178, 153, 270, 393, 323, 427, 406, 375, 130, 327, 184, 134, 386, 343, 344, 25, 272, 121, 230, 4, 99, 384, 331, 116, 40, 383, 318, 291, 88, 34, 68, 322, 38, 221, 142, 246, 93, 396, 126, 321, 100, 102, 73, 293, 86, 65, 220, 140, 253, 428, 441, 79, 433, 251, 159, 117, 410, 312, 347, 372, 379, 242, 370, 240, 244, 177, 217, 171, 381, 278, 394, 94, 180, 119, 10, 437, 39, 212, 35, 160, 309, 110, 33, 356, 9, 295, 376, 55, 237, 101, 105, 310, 107, 8, 276, 292, 420, 311, 368, 229, 299, 17, 355, 279, 164, 172, 95, 335, 158, 143, 250, 315, 439, 264, 186, 193, 362, 47, 3, 37, 371, 236, 215, 141, 283, 324, 176, 103, 71, 56, 20, 404, 187, 63, 190, 313, 281, 111, 301, 241, 188, 72, 19, 429, 413, 150, 91, 430, 377, 214, 400, 319, 305, 222, 434, 289, 109, 28, 317, 219, 66, 81, 203, 77, 290, 120, 392, 282, 417, 50, 204, 43, 243, 76, 167, 75, 275, 338, 378, 181, 197, 382, 249, 224, 189, 364, 239, 308, 402, 389, 423, 424, 118, 418, 138, 390, 191, 252, 82, 152, 52, 6, 300, 387, 147, 345, 340, 316, 83, 166, 346, 113, 218, 328, 108, 211, 133, 374, 353, 269, 425, 210, 352, 97, 174, 84, 115, 307, 173, 226, 7, 366, 414, 154, 194, 348, 137, 296, 127]
pr1002.tsp;6446434,0;2,934;2388,538;QAS;visibility;[954, 283, 415, 726, 334, 217, 818, 311, 749, 293, 807, 69, 700, 467, 924, 79, 688, 822, 318, 684, 627, 703, 526, 183, 940, 960, 835, 668, 938, 775, 678, 487, 939, 57, 372, 165, 224, 495, 418, 691, 254, 665, 384, 794, 198, 60, 330, 953, 24, 208, 791, 156, 837, 720, 310, 291, 899, 398, 215, 149, 762, 471, 861, 913, 212, 514, 609, 36, 0, 744, 675, 746, 257, 148, 232, 306, 141, 125, 108, 702, 873, 774, 568, 166, 117, 732, 833, 856, 689, 274, 951, 48, 661, 22, 282, 759, 846, 460, 512, 225, 917, 280, 20, 275, 45, 970, 264, 375, 660, 699, 976, 529, 443, 493, 730, 262, 766, 378, 233, 362, 402, 724, 949, 361, 884, 790, 369, 77, 103, 388, 559, 505, 900, 309, 301, 672, 338, 769, 622, 130, 72, 114, 733, 881, 642, 353, 252, 133, 580, 854, 246, 868, 816, 879, 7, 437, 162, 61, 331, 23, 19, 579, 483, 673, 857, 643, 122, 677, 638, 348, 279, 883, 921, 597, 363, 63, 10, 867, 96, 433, 336, 297, 349, 185, 268, 496, 664, 53, 647, 923, 107, 74, 653, 324, 269, 142, 565, 286, 321, 533, 922, 815, 916, 696, 243, 1001, 750, 188, 570, 680, 895, 841, 918, 240, 461, 852, 93, 407, 305, 780, 743, 272, 446, 16, 381, 95, 738, 236, 119, 379, 67, 109, 214, 798, 463, 974, 409, 136, 459, 320, 235, 105, 82, 709, 347, 27, 604, 919, 42, 958, 544, 792, 930, 966, 999, 839, 657, 435, 849, 530, 666, 515, 396, 534, 241, 289, 294, 872, 403, 706, 626, 244, 693, 76, 168, 641, 478, 862, 40, 736, 145, 490, 618, 176, 482, 462, 566, 285, 628, 614, 507, 153, 617, 701, 35, 795, 296, 481, 204, 952, 909, 88, 132, 773, 152, 380, 340, 242, 231, 997, 708, 825, 314, 600, 422, 18, 848, 260, 624, 139, 687, 118, 650, 251, 420, 70, 972, 690, 679, 901, 518, 360, 455, 32, 228, 571, 594, 590, 399, 169, 907, 797, 581, 585, 843, 477, 616, 936, 631, 756, 785, 401, 576, 538, 303, 256, 91, 574, 100, 197, 611, 34, 592, 636, 990, 902, 87, 985, 500, 200, 319, 739, 634, 995, 337, 764, 510, 313, 30, 796, 557, 150, 182, 606, 276, 253, 573, 476, 777, 12, 387, 124, 423, 395, 989, 935, 888, 927, 778, 54, 968, 255, 427, 316, 179, 171, 786, 864, 219, 315, 440, 164, 419, 167, 368, 889, 263, 620, 973, 410, 97, 621, 752, 464, 373, 66, 485, 838, 15, 68, 827, 64, 412, 619, 729, 578, 543, 908, 222, 1, 768, 386, 404, 859, 562, 962, 292, 111, 655, 697, 116, 229, 80, 603, 965, 993, 569, 346, 787, 350, 486, 582, 28, 583, 811, 50, 474, 623, 682, 115, 878, 238, 536, 509, 299, 640, 123, 648, 339, 383, 761, 548, 86, 880, 99, 56, 719, 71, 213, 560, 876, 652, 157, 806, 14, 479, 408, 834, 106, 782, 817, 731, 261, 803, 800, 135, 545, 858, 343, 326, 366, 312, 525, 656, 287, 449, 649, 772, 519, 812, 757, 359, 991, 654, 587, 266, 829, 723, 692, 209, 524, 270, 226, 511, 788, 504, 676, 400, 882, 763, 245, 984, 447, 658, 760, 3, 955, 429, 488, 389, 820, 143, 599, 480, 237, 722, 432, 967, 887, 273, 801, 489, 906, 933, 475, 341, 914, 809, 971, 630, 33, 394, 771, 442, 644, 458, 333, 944, 503, 451, 561, 659, 325, 969, 563, 199, 721, 146, 189, 83, 705, 206, 21, 452, 186, 144, 748, 177, 374, 755, 92, 194, 172, 371, 987, 613, 247, 365, 667, 98, 205, 646, 669, 633, 249, 845, 549, 278, 671, 520, 934, 6, 101, 799, 430, 267, 992, 491, 288, 948, 912, 947, 441, 725, 554, 84, 47, 781, 601, 821, 716, 187, 104, 831, 998, 674, 898, 216, 466, 994, 1000, 457, 802, 414, 602, 789, 712, 8, 131, 556, 417, 178, 367, 211, 853, 945, 390, 897, 741, 593, 904, 863, 73, 431, 891, 271, 694, 102, 364, 584, 942, 651, 598, 358, 195, 704, 317, 170, 90, 94, 308, 43, 937, 397, 608, 963, 31, 370, 137, 501, 595, 160, 695, 842, 988, 981, 190, 81, 277, 218, 140, 718, 158, 681, 376, 711, 453, 163, 869, 855, 450, 281, 588, 875, 896, 758, 844, 465, 615, 874, 113, 808, 632, 893, 469, 977, 737, 499, 717, 753, 892, 586, 537, 329, 662, 298, 813, 905, 830, 776, 982, 851, 393, 607, 639, 421, 155, 436, 201, 89, 439, 727, 683, 522, 506, 783, 13, 51, 44, 192, 513, 470, 637, 344, 932, 516, 193, 943, 405, 710, 110, 810, 950, 871, 567, 911, 173, 946, 302, 629, 250, 928, 2, 819, 575, 552, 555, 747, 866, 147, 25, 473, 959, 428, 814, 426, 532, 804, 805, 540, 258, 456, 564, 957, 9, 17, 890, 926, 784, 121, 352, 547, 227, 484, 75, 553, 596, 860, 983, 120, 961, 284, 382, 78, 508, 494, 406, 335, 779, 345, 472, 248, 304, 41, 356, 221, 925, 793, 826, 535, 46, 956, 392, 975, 196, 931, 920, 134, 517, 342, 234, 129, 707, 55, 521, 498, 539, 986, 742, 230, 751, 612, 351, 735, 523, 964, 138, 670, 740, 159, 85, 915, 438, 840, 870, 527, 589, 765, 175, 877, 528, 300, 663, 416, 824, 979, 239, 385, 468, 355, 425, 713, 728, 448, 770, 572, 551, 203, 823, 577, 322, 546, 259, 625, 191, 126, 832, 686, 411, 497, 541, 413, 698, 151, 836, 847, 445, 929, 531, 38, 112, 685, 492, 444, 610, 903, 767, 128, 332, 29, 58, 377, 210, 850, 52, 328, 181, 127, 886, 223, 4, 39, 26, 307, 174, 714, 591, 734, 424, 327, 885, 502, 161, 980, 996, 454, 184, 434, 49, 550, 645, 11, 865, 941, 391, 754, 978, 354, 180, 605, 828, 542, 715, 220, 290, 59, 154, 745, 202, 37, 65, 295, 5, 265, 357, 635, 558, 894, 323, 910, 207, 62, 954]
pr2392.tsp;15134093,0;32,814;3903,389;QAS;visibility;[1084, 2186, 2103, 2336, 1273, 2059, 1753, 498, 1989, 1896, 221, 1224, 1413, 2280, 1013, 1297, 330, 528, 413, 878, 2179, 1162, 2203, 507, 386, 110, 725, 494, 1911, 2293, 2213, 1890, 152, 2382, 1447, 1260, 506, 1296, 666, 719, 575, 49, 1660, 284, 2150, 469, 1668, 177, 1831, 886, 402, 787, 291, 1177, 1398, 2067, 299, 130, 721, 1497, 2324, 1853, 2071, 1221, 1845, 1573, 2201, 1651, 747, 196, 2123, 2062, 594, 235, 76, 883, 536, 1794, 77, 1992, 347, 604, 188, 1717, 1114, 969, 653, 1414, 1239, 2347, 836, 1116, 1714, 1744, 1520, 1364, 1006, 127, 874, 20, 2065, 1970, 987, 2075, 2147, 1730, 419, 986, 1275, 1517, 1143, 6, 1198, 1302, 69, 1182, 1014, 533, 335, 608, 1417, 1601, 2302, 1511, 210, 463, 585, 1214, 2320, 341, 24, 2141, 814, 662, 1922, 2047, 503, 724, 777, 2288, 358, 179, 145, 1188, 456, 55, 1171, 2121, 1082, 1616, 1760, 2116, 356, 654, 1406, 2312, 1873, 1138, 2045, 827, 1893, 2176, 2083, 569, 443, 1566, 2066, 1486, 15, 1056, 2037, 712, 1530, 1955, 860, 689, 418, 552, 148, 1266, 903, 2248, 2369, 1244, 131, 772, 1959, 661, 2130, 1649, 895, 626, 2259, 2184, 624, 2228, 2240, 2188, 1547, 1145, 1465, 1712, 1211, 1654, 2008, 754, 2313, 213, 2319, 96, 891, 46, 1210, 350, 209, 2051, 2368, 1186, 708, 1925, 1979, 681, 2290, 282, 822, 1185, 1816, 376, 740, 1789, 706, 2154, 727, 223, 111, 82, 1008, 896, 234, 1173, 1557, 2159, 1700, 1295, 1840, 2140, 1846, 1886, 675, 447, 2149, 43, 544, 9, 1513, 1519, 2340, 1090, 584, 2094, 1270, 1868, 1250, 715, 2119, 1293, 3, 205, 340, 1836, 524, 190, 690, 1025, 697, 931, 1381, 338, 1225, 1630, 1883, 1372, 2269, 280, 1099, 486, 1324, 382, 1375, 2020, 1981, 1793, 541, 750, 887, 1495, 1548, 1965, 831, 1626, 1392, 336, 1180, 2076, 238, 492, 1810, 2370, 86, 1350, 1564, 1469, 1587, 1357, 948, 2304, 2249, 265, 781, 1888, 58, 1676, 1799, 1154, 561, 1222, 2333, 258, 329, 615, 1204, 1141, 1832, 361, 2282, 1443, 928, 1618, 367, 155, 1807, 1950, 997, 2143, 614, 767, 1901, 1179, 132, 2334, 825, 460, 465, 159, 2367, 1820, 993, 1450, 2215, 592, 2222, 1028, 1858, 2255, 1505, 1288, 151, 1795, 2271, 1269, 628, 2129, 609, 1848, 2241, 1354, 1731, 1347, 1757, 1964, 863, 710, 2389, 2101, 301, 2342, 1698, 2153, 682, 406, 289, 764, 360, 531, 791, 955, 2191, 1445, 1870, 2004, 276, 488, 1054, 1365, 1916, 1796, 522, 947, 1609, 294, 1187, 1048, 574, 2109, 1136, 380, 363, 389, 1806, 1914, 104, 477, 2174, 960, 671, 1767, 1930, 1330, 1889, 1597, 1862, 2145, 2148, 1196, 1283, 312, 1104, 852, 2024, 268, 567, 538, 1640, 1860, 1801, 868, 1909, 769, 135, 917, 2247, 1544, 1672, 1982, 1464, 165, 2265, 517, 941, 412, 2122, 935, 723, 2357, 185, 582, 1277, 555, 1699, 572, 1018, 920, 929, 1499, 2156, 495, 2035, 249, 481, 983, 2169, 448, 621, 344, 913, 1906, 919, 1068, 616, 2261, 1576, 1533, 239, 231, 542, 1516, 1740, 843, 1926, 472, 783, 1301, 978, 2250, 1399, 1215, 1228, 431, 1685, 1468, 568, 1201, 1451, 1633, 1994, 1358, 424, 23, 527, 1063, 1279, 670, 2331, 1851, 2376, 1319, 1913, 2131, 755, 1335, 374, 352, 1621, 532, 1532, 1491, 547, 487, 150, 830, 981, 537, 183, 122, 1320, 1932, 404, 2227, 841, 647, 2239, 452, 211, 1094, 450, 2245, 1436, 703, 1713, 954, 142, 1667, 1675, 2171, 1046, 1508, 90, 2316, 1529, 257, 302, 627, 266, 1384, 683, 1207, 1282, 1871, 198, 790, 1339, 80, 851, 2207, 1968, 646, 383, 2048, 482, 2360, 698, 1927, 377, 605, 1732, 1137, 673, 225, 2003, 1197, 108, 232, 230, 1426, 765, 1149, 1936, 2378, 1720, 617, 2315, 8, 1674, 1271, 1996, 912, 163, 1879, 1457, 817, 1536, 644, 1658, 426, 1089, 695, 946, 1419, 393, 342, 1577, 640, 103, 1000, 1005, 83, 192, 711, 970, 1908, 1928, 1830, 596, 1527, 1743, 214, 649, 1921, 1199, 1688, 31, 588, 1669, 1081, 168, 182, 1431, 1985, 1060, 780, 444, 440, 543, 113, 934, 1715, 1540, 1602, 95, 1122, 1758, 2343, 907, 757, 240, 1438, 2322, 2113, 1113, 1170, 2175, 247, 491, 613, 1368, 1724, 171, 2372, 2090, 894, 589, 2168, 804, 2117, 139, 2181, 1561, 1237, 990, 1673, 1480, 1467, 287, 1525, 556, 1481, 635, 2348, 1038, 1842, 1176, 184, 1585, 1475, 67, 1165, 137, 1686, 2374, 1161, 1746, 1541, 909, 1092, 1951, 932, 1721, 845, 619, 2102, 1624, 824, 194, 2136, 985, 1343, 873, 1583, 1850, 733, 2079, 650, 306, 2016, 1594, 959, 1782, 679, 1877, 2365, 169, 2000, 1905, 1433, 1247, 921, 2335, 1943, 215, 2273, 728, 516, 1582, 2218, 1502, 1437, 1422, 2144, 749, 2364, 1574, 1393, 798, 1615, 1088, 1997, 652, 1361, 1485, 972, 694, 1316, 1379, 869, 1037, 1378, 98, 1681, 629, 186, 813, 1135, 979, 502, 956, 226, 2289, 1591, 1463, 1355, 1972, 1472, 645, 2173, 700, 1253, 1786, 2134, 551, 762, 2086, 445, 1565, 66, 1042, 1647, 1726, 1661, 1043, 942, 1423, 2013, 1388, 716, 1189, 940, 1727, 391, 514, 633, 1202, 2185, 317, 2225, 2055, 208, 1255, 1373, 2052, 510, 775, 245, 1360, 420, 1310, 1729, 899, 1843, 236, 28, 1257, 1030, 368, 714, 2193, 261, 2383, 1619, 1341, 2014, 1944, 655, 1345, 319, 726, 686, 1821, 826, 936, 828, 1535, 508, 699, 998, 518, 227, 1537, 732, 1016, 1148, 1506, 408, 1929, 48, 2217, 1620, 348, 2044, 797, 57, 1369, 2277, 1124, 2038, 1233, 201, 485, 571, 2138, 1571, 1064, 1632, 253, 1317, 75, 1940, 549, 1252, 2355, 21, 2053, 45, 395, 821, 964, 2301, 217, 1142, 1939, 1245, 322, 1394, 559, 855, 994, 93, 65, 2268, 388, 2017, 2216, 523, 1166, 782, 1636, 1218, 816, 1047, 770, 2155, 1677, 1963, 557, 992, 2187, 1313, 1891, 799, 439, 924, 116, 1643, 2295, 484, 668, 1146, 2359, 1382, 1144, 805, 1411, 199, 1521, 612, 14, 248, 546, 2354, 285, 926, 1610, 953, 1887, 269, 293, 1, 1752, 1590, 861, 2351, 1323, 2339, 1432, 1827, 785, 1337, 1281, 2309, 56, 2081, 1784, 32, 1391, 2160, 2234, 1534, 911, 259, 2015, 789, 748, 1377, 1586, 1563, 2284, 1284, 756, 2152, 1917, 2220, 1954, 2100, 2236, 664, 586, 334, 1787, 1402, 1644, 966, 2009, 618, 1140, 1788, 832, 735, 263, 1999, 530, 1543, 1725, 1061, 1741, 1904, 1254, 1062, 357, 1550, 1290, 17, 441, 540, 820, 2077, 1322, 915, 286, 1294, 849, 991, 1861, 1844, 442, 1408, 468, 657, 1479, 808, 326, 473, 1139, 637, 1396, 318, 2028, 10, 346, 64, 2042, 1371, 1995, 2161, 2091, 2212, 1425, 2253, 2254, 950, 328, 1449, 1193, 2151, 12, 1934, 1719, 2096, 423, 643, 365, 1783, 2093, 1613, 859, 620, 2177, 905, 1265, 1183, 1067, 1978, 1256, 206, 1785, 1704, 1518, 1101, 1147, 1242, 97, 1898, 847, 2142, 454, 242, 2307, 1882, 1792, 1243, 1528, 857, 279, 866, 2163, 1683, 1612, 2132, 1473, 1174, 1969, 1693, 1754, 1053, 858, 1531, 436, 204, 38, 2298, 717, 1960, 1051, 745, 438, 1770, 1049, 834, 534, 191, 2231, 1121, 52, 1383, 1895, 961, 1395, 2390, 1128, 1200, 2036, 701, 120, 2341, 971, 1367, 1984, 1020, 1813, 550, 2110, 176, 1359, 975, 1205, 332, 1575, 737, 1952, 351, 30, 1123, 2233, 1705, 1416, 1628, 474, 1115, 421, 512, 539, 685, 1716, 1988, 1645, 2029, 2283, 1687, 982, 818, 1937, 172, 1376, 157, 1957, 314, 1040, 197, 793, 1605, 743, 73, 123, 270, 1639, 730, 938, 325, 2111, 1175, 100, 0, 455, 156, 2025, 1855, 298, 760, 459, 1723, 1774, 1386, 1956, 2257, 178, 1439, 19, 1611, 806, 1697, 2238, 738, 400, 1321, 2001, 1311, 146, 250, 1854, 573, 1718, 856, 2303, 219, 429, 988, 519, 1356, 2286, 625, 774, 390, 490, 1012, 591, 1749, 2285, 2296, 1446, 1470, 1809, 509, 1604, 416, 752, 1595, 193, 1920, 525, 26, 1151, 1987, 1918, 1924, 1823, 1412, 1206, 33, 1750, 742, 195, 1178, 898, 134, 2345, 2318, 1510, 1460, 1839, 1336, 641, 1663, 1962, 434, 415, 310, 1278, 1073, 479, 1307, 2197, 515, 278, 1110, 598, 1152, 729, 457, 91, 311, 1657, 1892, 384, 241, 2170, 2064, 1938, 1125, 1448, 2058, 333, 893, 1059, 1150, 1097, 2089, 1773, 489, 974, 252, 1024, 378, 810, 1069, 1203, 1552, 1476, 1884, 128, 736, 1318, 1856, 71, 766, 1328, 220, 181, 115, 1327, 692, 1033, 417, 1098, 1074, 2198, 1077, 1703, 879, 957, 702, 1559, 1232, 1034, 684, 1551, 399, 2085, 1287, 566, 1973, 1459, 862, 1608, 2182, 846, 885, 207, 2371, 1190, 939, 1838, 158, 331, 1764, 1625, 659, 254, 1086, 2223, 1035, 1829, 2361, 1444, 2224, 881, 925, 1592, 815, 1091, 1656, 1352, 228, 2244, 2128, 1441, 904, 493, 1512, 2226, 1762, 371, 803, 1496, 189, 1872, 999, 320, 1133, 1003, 1029, 1418, 451, 1078, 963, 1428, 600, 2172, 1461, 1002, 638, 1076, 1489, 1671, 658, 1397, 307, 1050, 1403, 1401, 25, 1023, 1967, 1095, 1410, 118, 1641, 121, 1998, 2310, 1560, 884, 2070, 1695, 952, 900, 2328, 875, 1208, 305, 751, 1738, 937, 2120, 1223, 1280, 141, 2292, 2105, 1826, 1226, 147, 2279, 776, 364, 674, 2208, 327, 812, 499, 593, 370, 410, 1010, 2272, 580, 511, 933, 1958, 590, 1380, 2337, 1825, 274, 1117, 505, 922, 1745, 16, 908, 1314, 622, 773, 606, 1629, 1791, 1833, 1509, 2262, 583, 2021, 872, 2112, 1305, 1768, 1259, 1454, 1366, 187, 2229, 497, 1975, 1598, 722, 62, 102, 61, 1057, 784, 1346, 166, 976, 1777, 1329, 1477, 1231, 467, 2332, 1933, 18, 2027, 272, 478, 2200, 1334, 1105, 1524, 133, 1234, 1690, 1045, 1157, 2391, 2338, 1058, 1326, 1212, 1351, 1864, 1083, 2387, 1736, 2133, 1435, 1653, 1131, 2194, 1153, 1875, 2167, 2346, 1126, 105, 1007, 1983, 1132, 2366, 1001, 149, 343, 1849, 1828, 92, 1614, 984, 1570, 1483, 1181, 2135, 2327, 1494, 871, 693, 101, 1655, 1066, 407, 41, 345, 529, 892, 2377, 853, 731, 44, 281, 5, 1589, 1427, 2317, 1733, 1389, 2329, 2235, 1387, 2237, 1912, 741, 1523, 1332, 1338, 2263, 1120, 1096, 2196, 1680, 1514, 848, 713, 40, 1455, 1304, 1837, 1990, 202, 1701, 1415, 277, 2068, 1219, 691, 918, 563, 739, 2291, 1507, 1747, 2097, 819, 1127, 471, 1227, 1863, 554, 1812, 212, 2063, 1258, 1308, 1168, 1803, 94, 2356, 85, 1370, 753, 2243, 2034, 870, 409, 792, 1163, 1910, 1558, 1622, 2104, 1055, 1015, 144, 84, 72, 1542, 1474, 696, 1834, 2305, 601, 2352, 1923, 1251, 1299, 1659, 639, 124, 1493, 1572, 842, 1899, 1781, 1478, 1501, 1646, 107, 1362, 63, 663, 882, 2210, 1637, 786, 2078, 958, 1876, 2162, 2146, 2069, 1702, 611, 2107, 398, 203, 1129, 2251, 1881, 2375, 1405, 2033, 466, 381, 1276, 1761, 1682, 392, 2190, 1044, 369, 930, 1546, 1488, 720, 35, 1711, 996, 1841, 1108, 2388, 927, 2056, 1404, 526, 1538, 1852, 962, 1818, 222, 1032, 435, 1272, 125, 1080, 705, 1948, 1522, 2206, 771, 2019, 1235, 229, 2180, 1526, 707, 292, 271, 807, 405, 801, 1349, 1363, 2258, 636, 865, 967, 140, 1039, 136, 1466, 1974, 1390, 1192, 1549, 2012, 1160, 2297, 54, 513, 433, 910, 1766, 2221, 89, 1554, 838, 1107, 337, 1229, 2202, 2214, 1808, 233, 802, 1462, 1824, 1036, 59, 53, 1240, 339, 1172, 1678, 2124, 840, 1106, 1075, 2060, 308, 809, 283, 288, 1195, 1052, 2108, 1209, 449, 117, 1539, 2274, 1267, 758, 2006, 2072, 1878, 2080, 837, 746, 496, 304, 1119, 1776, 475, 1085, 2314, 876, 579, 437, 1606, 823, 1456, 1814, 1482, 480, 78, 51, 349, 665, 1458, 576, 2373, 2275, 2326, 1504, 2049, 1452, 1986, 2073, 1400, 1156, 2030, 267, 1442, 375, 877, 880, 1553, 916, 2349, 1869, 1894, 1286, 768, 1194, 759, 1344, 995, 2031, 309, 1487, 218, 300, 394, 1580, 734, 1112, 1664, 1340, 1857, 167, 483, 396, 1880, 106, 1011, 888, 1991, 453, 1650, 200, 2032, 2098, 2, 2189, 632, 2087, 1268, 2099, 607, 1555, 1065, 603, 1819, 1634, 795, 1562, 1961, 501, 977, 1638, 1263, 1907, 1022, 1935, 980, 50, 1772, 1503, 2166, 88, 1603, 1607, 29, 1019, 2050, 224, 1303, 718, 27, 422, 844, 2178, 2209, 677, 1167, 260, 1584, 1903, 2183, 354, 1708, 2266, 372, 656, 153, 1070, 2386, 704, 535, 1811, 1751, 763, 1707, 1118, 560, 2278, 1249, 800, 1865, 1004, 1666, 34, 2061, 949, 1306, 1217, 4, 597, 864, 669, 295, 1471, 143, 1696, 778, 587, 2115, 1709, 564, 1071, 1866, 1941, 79, 973, 1102, 255, 2323, 1285, 379, 2127, 1759, 2041, 2084, 1600, 709, 355, 2299, 1679, 1966, 897, 68, 1079, 2022, 1971, 545, 553, 2092, 2204, 829, 1670, 1739, 2126, 1822, 297, 432, 175, 854, 296, 470, 2057, 1945, 2264, 631, 2287, 839, 500, 889, 1155, 2040, 1545, 1093, 1027, 599, 833, 578, 520, 1694, 1976, 1298, 1835, 811, 676, 2139, 112, 1315, 1103, 1617, 1213, 688, 1798, 642, 2195, 1031, 1648, 237, 2362, 401, 1300, 558, 1385, 965, 744, 951, 1706, 548, 1490, 2256, 1763, 2385, 1775, 1596, 1424, 1635, 2007, 2088, 1348, 425, 1325, 680, 13, 1734, 1158, 1109, 2192, 1631, 397, 385, 1797, 1953, 1593, 1017, 562, 2281, 138, 243, 1492, 2344, 246, 173, 87, 303, 1977, 1274, 2321, 1087, 1312, 1867, 1902, 11, 36, 427, 610, 403, 262, 1021, 324, 1735, 1599, 660, 1567, 1874, 2165, 1779, 1111, 275, 906, 1241, 476, 672, 1742, 1756, 1817, 1374, 504, 1309, 788, 1184, 687, 174, 945, 1568, 2043, 2106, 1642, 1578, 1430, 1500, 2270, 794, 7, 914, 1627, 796, 1993, 154, 2363, 1130, 461, 353, 2002, 164, 2242, 634, 1662, 1009, 2005, 109, 1409, 2199, 2137, 37, 1191, 1100, 462, 1915, 2205, 1262, 901, 2118, 1169, 39, 2125, 321, 70, 2252, 890, 1900, 2267, 2358, 2230, 2018, 923, 570, 1859, 323, 119, 414, 2157, 2164, 2046, 1847, 1931, 2158, 2276, 2211, 968, 387, 1579, 290, 2300, 1261, 1291, 2353, 667, 47, 602, 2232, 1220, 1710, 2379, 373, 902, 126, 1942, 362, 2294, 2308, 1780, 2054, 1453, 464, 1804, 1289, 2039, 2095, 2082, 2384, 2311, 430, 1728, 1722, 114, 162, 1623, 989, 60, 1429, 359, 1652, 313, 2023, 1737, 1569, 1236, 1885, 2074, 1692, 1800, 1949, 1765, 216, 678, 2381, 1684, 1072, 1421, 22, 1689, 1946, 944, 251, 867, 1342, 1292, 1246, 651, 316, 850, 129, 180, 623, 1691, 81, 1164, 446, 1665, 428, 264, 1440, 2114, 2380, 630, 1134, 2010, 1802, 1588, 1515, 1216, 366, 411, 2350, 99, 1748, 1484, 74, 2260, 595, 1333, 2306, 161, 1755, 244, 2330, 1771, 1248, 577, 458, 273, 581, 1407, 1434, 2219, 835, 315, 1026, 2246, 1331, 2325, 1230, 1790, 1815, 170, 2011, 761, 943, 1238, 160, 1897, 2026, 1980, 521, 1919, 1805, 1581, 1498, 256, 1769, 1556, 1264, 1159, 565, 42, 1947, 1778, 1041, 779, 1420, 1353, 648, 1084]
burma14.tsp;4293,0;0,001;29,19;QAS;visibility;[8, 10, 9, 1, 7, 0, 3, 11, 5, 4, 6, 12, 2, 13, 8]
gr17.tsp;2479,0;0,001;18,897;QAS;visibility;[4, 10, 2, 7, 6, 5, 16, 14, 13, 3, 12, 0, 15, 11, 8, 1, 9, 4]
gr21.tsp;5009,0;0,001;85,039;QAS;visibility;[11, 3, 6, 0, 5, 7, 18, 9, 17, 10, 19, 1, 14, 13, 12, 20, 8, 4, 15, 16, 2, 11]
gr24.tsp;2455,0;0,0;93,003;QAS;visibility;[13, 8, 12, 5, 7, 0, 11, 3, 20, 4, 9, 21, 17, 2, 15, 22, 23, 1, 18, 16, 14, 19, 6, 10, 13]
bays29.tsp;3975,0;0,002;96,782;QAS;visibility;[27, 12, 5, 9, 19, 14, 17, 13, 16, 21, 25, 8, 28, 20, 1, 4, 11, 0, 23, 10, 24, 18, 15, 26, 7, 2, 6, 22, 3, 27]
ftv33.atsp;2550,0;0,001;98,289;QAS;visibility;[28, 33, 27, 26, 0, 13, 1, 30, 29, 2, 16, 15, 14, 12, 21, 20, 23, 17, 11, 4, 5, 6, 8, 9, 32, 7, 3, 25, 24, 19, 22, 31, 18, 10, 28]
ftv44.atsp;3753,0;0,003;132,672;QAS;visibility;[1, 2, 5, 24, 28, 35, 32, 20, 14, 10, 43, 11, 12, 13, 17, 19, 18, 23, 21, 0, 22, 40, 4, 3, 39, 41, 9, 16, 8, 7, 29, 37, 38, 44, 6, 33, 36, 30, 27, 26, 25, 42, 15, 34, 31, 1]
ft53.atsp;14653,0;0,003;112,209;QAS;visibility;[15, 52, 48, 49, 51, 50, 32, 9, 7, 20, 27, 29, 40, 37, 35, 39, 36, 34, 30, 43, 41, 46, 45, 42, 24, 18, 6, 5, 33, 31, 26, 25, 8, 3, 10, 13, 12, 19, 28, 11, 21, 1, 47, 44, 22, 17, 16, 0, 2, 23, 38, 4, 14, 15]
ch150.tsp;22058,0;0,031;237,898;QAS;visibility;[29, 95, 58, 108, 61, 112, 9, 47, 96, 19, 50, 80, 69, 107, 85, 53, 78, 51, 92, 22, 128, 146, 48, 143, 144, 43, 149, 114, 103, 3, 90, 118, 67, 127, 44, 70, 133, 66, 32, 35, 60, 82, 55, 104, 123, 125, 130, 31, 116, 115, 65, 59, 16, 38, 56, 40, 30, 37, 100, 17, 113, 98, 28, 41, 8, 27, 119, 46, 111, 63, 132, 14, 13, 79, 76, 121, 11, 117, 68, 49, 54, 57, 136, 101, 134, 131, 64, 4, 25, 52, 129, 10, 23, 39, 138, 1, 18, 36, 89, 45, 137, 91, 6, 7, 12, 73, 135, 122, 26, 139, 81, 106, 94, 97, 62, 93, 2, 21, 33, 102, 0, 86, 75, 72, 34, 88, 15, 148, 124, 120, 99, 83, 140, 24, 109, 84, 145, 71, 105, 110, 42, 5, 141, 74, 87, 147, 126, 20, 77, 142, 29]
ftv170.atsp;11593,0;0,04;320,799;QAS;visibility;[42, 34, 72, 168, 1, 2, 81, 80, 14, 21, 75, 10, 32, 158, 161, 160, 150, 149, 117, 118, 76, 74, 16, 77, 79, 82, 78, 71, 60, 66, 63, 59, 157, 33, 31, 35, 44, 13, 17, 18, 28, 27, 29, 30, 65, 55, 54, 39, 38, 84, 69, 67, 167, 70, 93, 166, 94, 96, 128, 48, 52, 62, 61, 68, 85, 86, 108, 107, 113, 131, 139, 140, 25, 26, 37, 23, 22, 24, 159, 126, 125, 124, 123, 162, 99, 95, 120, 121, 122, 127, 136, 137, 129, 148, 147, 138, 141, 101, 102, 135, 130, 110, 114, 83, 41, 155, 45, 46, 47, 40, 169, 111, 170, 49, 153, 87, 98, 4, 152, 151, 7, 8, 53, 64, 56, 104, 9, 134, 133, 142, 143, 115, 109, 103, 0, 12, 19, 20, 156, 11, 36, 105, 97, 165, 163, 100, 116, 6, 144, 154, 89, 90, 91, 92, 106, 43, 50, 73, 3, 57, 58, 132, 112, 164, 146, 145, 51, 15, 119, 5, 88, 42]
gr202.tsp;127953,0;0,059;218,608;QAS;visibility;[29, 50, 59, 58, 168, 84, 66, 70, 53, 56, 52, 33, 44, 103, 102, 40, 105, 104, 108, 110, 109, 106, 107, 43, 45, 46, 98, 116, 113, 111, 118, 25, 130, 101, 147, 146, 142, 36, 138, 136, 123, 14, 2, 31, 10, 6, 5, 3, 4, 7, 1, 122, 125, 133, 134, 38, 37, 121, 97, 96, 93, 87, 51, 55, 57, 72, 71, 63, 62, 49, 99, 100, 176, 177, 180, 90, 88, 65, 67, 83, 27, 127, 126, 128, 39, 34, 42, 191, 190, 178, 181, 154, 16, 9, 11, 17, 165, 175, 172, 159, 185, 141, 137, 117, 112, 92, 91, 86, 162, 163, 189, 139, 140, 184, 161, 155, 157, 21, 19, 94, 95, 81, 80, 79, 76, 78, 197, 196, 186, 150, 148, 143, 144, 30, 32, 35, 173, 166, 158, 115, 114, 160, 171, 183, 28, 26, 48, 47, 131, 41, 89, 85, 64, 61, 60, 54, 69, 68, 195, 194, 164, 200, 149, 151, 152, 24, 124, 170, 120, 119, 174, 23, 22, 129, 167, 192, 193, 199, 198, 132, 145, 8, 18, 20, 13, 15, 179, 188, 187, 182, 169, 135, 75, 73, 74, 0, 82, 77, 153, 12, 156, 201, 29]
gr666.tsp;1379926,0;1,008;368,792;QAS;visibility;[451, 492, 524, 250, 251, 244, 146, 17, 139, 333, 328, 330, 343, 366, 369, 395, 441, 422, 406, 341, 268, 267, 257, 240, 239, 235, 246, 324, 313, 414, 413, 261, 256, 262, 360, 266, 264, 265, 286, 289, 275, 279, 274, 339, 340, 344, 354, 356, 353, 403, 269, 271, 352, 293, 378, 377, 258, 371, 376, 367, 368, 346, 337, 336, 338, 280, 362, 363, 364, 351, 277, 445, 424, 408, 319, 311, 439, 442, 443, 365, 374, 417, 370, 373, 399, 398, 405, 602, 605, 604, 552, 554, 556, 557, 558, 233, 231, 108, 80, 76, 74, 75, 69, 68, 65, 51, 50, 60, 58, 52, 66, 59, 56, 55, 35, 39, 38, 47, 46, 29, 175, 430, 393, 425, 291, 292, 294, 342, 283, 331, 397, 402, 396, 349, 355, 358, 401, 335, 384, 290, 295, 287, 284, 288, 285, 448, 389, 390, 409, 243, 242, 238, 145, 245, 247, 236, 361, 273, 259, 278, 348, 347, 334, 282, 281, 298, 296, 297, 299, 248, 151, 386, 150, 387, 419, 372, 326, 325, 321, 327, 320, 300, 525, 148, 501, 500, 498, 496, 499, 497, 435, 217, 306, 305, 302, 303, 304, 276, 357, 272, 253, 144, 141, 142, 254, 252, 312, 534, 527, 514, 516, 515, 538, 138, 149, 428, 432, 487, 518, 460, 519, 458, 459, 494, 506, 505, 160, 431, 407, 410, 489, 493, 155, 156, 157, 461, 465, 462, 466, 436, 323, 314, 440, 394, 392, 301, 220, 228, 226, 227, 473, 469, 569, 504, 503, 159, 191, 189, 179, 180, 186, 188, 196, 198, 199, 511, 512, 510, 526, 535, 438, 427, 426, 423, 488, 517, 520, 446, 454, 163, 164, 165, 553, 555, 551, 540, 391, 375, 270, 400, 350, 318, 317, 382, 421, 152, 153, 433, 614, 619, 611, 646, 593, 592, 631, 622, 632, 633, 634, 599, 608, 607, 598, 597, 606, 566, 610, 475, 485, 623, 482, 483, 532, 470, 464, 359, 418, 383, 315, 404, 237, 241, 307, 263, 249, 452, 453, 310, 177, 181, 381, 380, 420, 385, 219, 222, 223, 102, 101, 100, 202, 205, 203, 200, 201, 215, 221, 214, 212, 211, 225, 224, 216, 107, 114, 111, 117, 105, 115, 121, 99, 565, 577, 574, 572, 495, 522, 521, 491, 412, 455, 308, 45, 87, 82, 653, 652, 649, 637, 629, 627, 626, 625, 621, 600, 509, 547, 542, 536, 537, 471, 533, 530, 531, 665, 661, 40, 94, 93, 95, 67, 57, 54, 44, 31, 43, 32, 26, 42, 30, 18, 19, 7, 6, 22, 23, 28, 25, 27, 24, 10, 8, 9, 11, 5, 92, 91, 137, 130, 132, 129, 128, 120, 112, 113, 104, 116, 125, 126, 123, 124, 110, 109, 106, 103, 78, 507, 508, 559, 543, 560, 601, 654, 624, 630, 609, 567, 575, 579, 587, 639, 585, 3, 457, 596, 154, 434, 486, 429, 411, 444, 322, 415, 416, 490, 528, 617, 613, 612, 549, 545, 544, 550, 309, 70, 662, 140, 172, 168, 169, 173, 174, 260, 388, 379, 147, 185, 184, 190, 194, 193, 208, 209, 210, 571, 570, 546, 561, 562, 563, 4, 41, 12, 14, 13, 15, 16, 36, 37, 64, 62, 63, 34, 33, 49, 71, 192, 197, 586, 589, 576, 450, 449, 463, 638, 641, 183, 162, 161, 479, 476, 474, 472, 541, 548, 647, 513, 523, 206, 170, 581, 582, 588, 583, 603, 573, 564, 568, 590, 642, 643, 143, 484, 616, 615, 467, 329, 345, 332, 255, 158, 502, 529, 447, 187, 178, 207, 176, 171, 182, 195, 166, 167, 85, 84, 656, 2, 0, 437, 136, 81, 79, 86, 88, 72, 73, 20, 21, 61, 96, 90, 89, 77, 127, 119, 118, 98, 97, 478, 628, 1, 620, 618, 481, 477, 480, 595, 644, 648, 650, 651, 663, 664, 53, 316, 456, 204, 218, 213, 232, 230, 229, 636, 658, 468, 578, 640, 591, 584, 580, 539, 645, 655, 657, 660, 659, 122, 131, 135, 134, 133, 48, 234, 83, 635, 594, 451]
pcb442.tsp;272574,0;0,359;436,795;QAS;visibility;[131, 390, 192, 179, 154, 416, 251, 250, 428, 323, 324, 299, 353, 354, 427, 296, 302, 232, 224, 229, 326, 303, 425, 276, 357, 358, 433, 188, 176, 164, 153, 138, 100, 92, 93, 320, 32, 376, 31, 30, 62, 375, 90, 18, 51, 83, 85, 22, 401, 213, 200, 397, 190, 393, 205, 180, 202, 201, 389, 143, 142, 106, 117, 140, 1, 300, 325, 301, 314, 352, 312, 286, 311, 243, 136, 148, 25, 58, 110, 146, 169, 158, 133, 274, 422, 437, 419, 267, 271, 147, 159, 17, 81, 48, 438, 54, 84, 377, 21, 15, 70, 71, 38, 46, 79, 402, 237, 238, 373, 364, 361, 370, 367, 368, 331, 245, 150, 3, 404, 234, 406, 160, 399, 385, 103, 186, 222, 191, 203, 177, 124, 382, 383, 305, 240, 210, 220, 228, 432, 284, 63, 379, 91, 182, 197, 181, 194, 195, 403, 411, 408, 412, 407, 277, 360, 359, 434, 429, 294, 295, 321, 322, 291, 292, 104, 392, 162, 23, 16, 13, 50, 49, 26, 89, 24, 56, 88, 53, 380, 129, 166, 155, 68, 36, 67, 2, 149, 125, 340, 308, 439, 307, 332, 327, 365, 366, 344, 293, 319, 318, 317, 316, 315, 424, 414, 248, 242, 249, 246, 247, 12, 82, 118, 108, 387, 208, 28, 27, 59, 60, 199, 126, 114, 440, 102, 101, 65, 33, 66, 5, 4, 11, 10, 72, 73, 8, 76, 75, 42, 9, 6, 7, 40, 41, 74, 43, 44, 80, 105, 116, 141, 119, 96, 64, 132, 157, 207, 235, 98, 77, 45, 78, 14, 435, 309, 283, 310, 338, 351, 350, 266, 278, 275, 378, 29, 95, 94, 134, 145, 57, 47, 272, 252, 255, 254, 172, 336, 426, 337, 225, 333, 334, 335, 329, 304, 328, 363, 430, 409, 413, 410, 109, 120, 260, 298, 297, 262, 261, 183, 170, 217, 178, 193, 204, 167, 156, 259, 127, 137, 230, 223, 218, 264, 236, 219, 209, 198, 256, 263, 258, 257, 421, 418, 216, 130, 144, 212, 221, 381, 52, 20, 19, 86, 384, 163, 189, 165, 128, 173, 395, 241, 405, 227, 185, 184, 171, 233, 265, 270, 273, 269, 187, 55, 34, 115, 152, 139, 386, 388, 441, 69, 113, 135, 161, 400, 339, 288, 289, 244, 348, 347, 345, 346, 398, 239, 226, 231, 253, 417, 287, 313, 356, 355, 290, 211, 168, 122, 112, 111, 123, 371, 372, 206, 394, 175, 396, 174, 391, 423, 420, 349, 342, 215, 196, 121, 87, 362, 415, 436, 369, 99, 151, 280, 282, 279, 281, 341, 107, 37, 39, 268, 285, 97, 61, 35, 0, 306, 330, 431, 374, 343, 214, 131]
rbg443.atsp;7197,0;0,355;164,596;QAS;visibility;[257, 125, 32, 47, 290, 62, 425, 399, 8, 345, 373, 78, 97, 441, 23, 337, 438, 110, 402, 319, 211, 412, 96, 10, 376, 254, 382, 234, 83, 191, 251, 260, 357, 320, 199, 140, 2, 241, 222, 111, 107, 116, 208, 118, 291, 279, 204, 362, 24, 277, 17, 63, 295, 289, 379, 152, 108, 358, 333, 247, 99, 410, 57, 262, 33, 354, 364, 239, 144, 81, 396, 0, 158, 413, 82, 114, 375, 388, 414, 304, 29, 352, 409, 408, 226, 218, 331, 26, 313, 165, 258, 30, 106, 76, 7, 124, 151, 312, 216, 34, 214, 332, 213, 85, 180, 317, 420, 141, 422, 246, 69, 231, 286, 267, 237, 315, 271, 93, 365, 433, 205, 259, 310, 70, 73, 171, 264, 269, 175, 5, 423, 248, 367, 426, 293, 176, 368, 273, 195, 186, 159, 232, 40, 56, 418, 344, 127, 67, 287, 51, 126, 4, 146, 335, 427, 263, 157, 44, 372, 385, 428, 162, 253, 21, 334, 117, 19, 95, 121, 407, 149, 200, 60, 442, 405, 210, 225, 274, 169, 309, 314, 22, 326, 380, 177, 183, 102, 27, 58, 42, 129, 77, 356, 100, 54, 308, 294, 101, 403, 123, 233, 181, 340, 109, 45, 341, 342, 351, 94, 305, 395, 378, 424, 64, 325, 75, 401, 59, 278, 230, 224, 243, 137, 299, 128, 89, 155, 198, 65, 227, 265, 103, 61, 1, 303, 311, 55, 14, 122, 25, 240, 383, 160, 87, 236, 113, 266, 369, 255, 31, 391, 143, 436, 393, 419, 142, 256, 153, 406, 190, 209, 139, 301, 283, 98, 411, 206, 120, 338, 324, 276, 79, 192, 174, 156, 112, 133, 15, 145, 435, 245, 306, 302, 41, 353, 390, 330, 212, 229, 328, 316, 50, 370, 71, 88, 439, 39, 374, 318, 360, 168, 28, 371, 20, 182, 196, 203, 381, 86, 11, 421, 49, 52, 268, 434, 12, 48, 355, 329, 91, 185, 43, 215, 392, 184, 3, 415, 37, 35, 272, 244, 72, 221, 400, 219, 349, 235, 46, 270, 228, 172, 432, 202, 104, 384, 437, 131, 161, 38, 307, 429, 377, 148, 178, 242, 350, 398, 6, 298, 9, 336, 80, 130, 16, 275, 201, 147, 249, 386, 84, 404, 389, 18, 92, 163, 346, 90, 288, 281, 193, 36, 167, 194, 132, 138, 322, 261, 154, 134, 187, 136, 397, 347, 250, 166, 223, 440, 13, 173, 207, 387, 321, 217, 366, 430, 74, 53, 416, 66, 431, 135, 115, 197, 170, 394, 282, 285, 292, 238, 323, 105, 363, 68, 164, 300, 189, 359, 252, 417, 179, 343, 296, 361, 280, 339, 327, 284, 220, 119, 297, 150, 348, 188, 257]
pr1002.tsp;1725722,0;2,962;566,186;QAS;visibility;[883, 919, 917, 920, 925, 802, 800, 860, 855, 563, 564, 546, 562, 554, 556, 561, 574, 575, 577, 542, 541, 516, 515, 521, 518, 566, 377, 367, 340, 974, 73, 628, 378, 379, 284, 236, 235, 197, 213, 215, 212, 624, 913, 909, 898, 895, 848, 844, 843, 810, 819, 811, 817, 820, 857, 851, 869, 875, 877, 878, 890, 889, 835, 837, 931, 703, 739, 740, 702, 977, 978, 833, 520, 519, 517, 565, 580, 582, 585, 586, 581, 185, 191, 237, 240, 239, 231, 498, 497, 209, 205, 199, 198, 195, 196, 201, 116, 113, 376, 368, 369, 654, 408, 404, 406, 415, 416, 414, 614, 627, 626, 611, 612, 629, 630, 504, 505, 524, 997, 495, 493, 590, 591, 572, 571, 592, 594, 560, 558, 569, 132, 133, 232, 34, 314, 323, 324, 330, 1, 107, 106, 41, 43, 223, 208, 207, 486, 496, 485, 489, 753, 747, 748, 744, 980, 696, 951, 948, 950, 731, 141, 151, 166, 551, 836, 492, 482, 456, 463, 625, 610, 343, 337, 336, 19, 31, 317, 318, 333, 86, 88, 77, 813, 834, 838, 839, 1000, 924, 923, 921, 922, 901, 900, 899, 902, 905, 903, 916, 847, 894, 893, 892, 891, 124, 123, 122, 118, 105, 104, 296, 301, 302, 303, 297, 299, 282, 283, 111, 636, 637, 615, 622, 405, 645, 635, 634, 617, 616, 996, 410, 386, 202, 192, 135, 129, 130, 137, 102, 103, 70, 285, 280, 279, 203, 155, 154, 163, 161, 160, 159, 145, 143, 147, 218, 216, 211, 222, 1001, 871, 874, 850, 372, 443, 439, 441, 304, 990, 254, 395, 396, 399, 276, 985, 673, 674, 672, 690, 691, 982, 984, 346, 353, 693, 724, 78, 79, 80, 321, 320, 309, 325, 329, 328, 327, 326, 46, 47, 307, 306, 308, 25, 48, 94, 95, 96, 90, 97, 93, 92, 91, 89, 316, 310, 33, 64, 63, 82, 98, 81, 87, 85, 258, 248, 246, 247, 259, 269, 267, 266, 262, 243, 244, 245, 263, 219, 221, 233, 227, 241, 115, 849, 881, 885, 884, 911, 257, 271, 965, 964, 786, 764, 741, 743, 733, 765, 953, 955, 954, 987, 683, 682, 722, 721, 335, 334, 658, 641, 382, 653, 652, 651, 644, 464, 732, 409, 999, 250, 251, 139, 605, 608, 609, 444, 411, 638, 646, 436, 437, 429, 428, 460, 454, 451, 452, 791, 790, 604, 959, 937, 936, 934, 927, 904, 814, 818, 544, 549, 557, 559, 598, 597, 433, 459, 465, 681, 684, 960, 956, 957, 930, 828, 807, 986, 717, 719, 354, 357, 352, 358, 359, 388, 392, 112, 110, 109, 305, 322, 312, 311, 473, 474, 417, 425, 424, 421, 462, 461, 449, 453, 446, 445, 431, 217, 220, 234, 169, 171, 178, 174, 149, 148, 146, 144, 252, 249, 264, 230, 229, 588, 749, 751, 797, 798, 799, 804, 806, 809, 808, 552, 712, 758, 782, 777, 778, 779, 780, 783, 784, 787, 785, 447, 584, 583, 763, 976, 949, 975, 979, 981, 695, 720, 718, 665, 715, 708, 710, 727, 660, 661, 667, 666, 723, 686, 685, 676, 699, 988, 989, 983, 620, 621, 381, 384, 756, 755, 668, 671, 707, 738, 742, 735, 734, 789, 792, 793, 788, 754, 752, 935, 932, 933, 941, 942, 762, 730, 393, 394, 371, 650, 649, 632, 991, 440, 631, 438, 606, 689, 687, 412, 413, 422, 458, 455, 434, 374, 375, 380, 338, 37, 38, 993, 675, 430, 427, 468, 467, 845, 846, 873, 865, 872, 870, 801, 803, 362, 363, 341, 342, 345, 348, 349, 389, 390, 391, 512, 487, 117, 300, 281, 601, 602, 514, 513, 206, 366, 383, 533, 507, 508, 502, 509, 535, 526, 525, 527, 530, 531, 545, 548, 538, 539, 543, 958, 768, 772, 774, 760, 759, 767, 766, 910, 929, 945, 944, 939, 595, 593, 553, 795, 796, 918, 915, 906, 907, 897, 908, 579, 578, 503, 501, 506, 224, 190, 225, 226, 200, 187, 697, 969, 967, 692, 688, 698, 995, 189, 188, 238, 186, 298, 286, 287, 275, 274, 277, 278, 125, 121, 114, 126, 127, 128, 100, 83, 179, 180, 181, 182, 158, 184, 194, 193, 152, 242, 457, 423, 480, 481, 522, 567, 568, 805, 842, 854, 853, 866, 867, 858, 829, 961, 992, 952, 962, 365, 364, 643, 642, 657, 655, 938, 704, 705, 694, 603, 607, 288, 295, 294, 293, 402, 401, 292, 291, 290, 289, 472, 469, 529, 523, 824, 896, 862, 861, 859, 12, 9, 13, 20, 108, 173, 177, 175, 156, 385, 442, 432, 99, 120, 256, 272, 228, 265, 261, 260, 268, 270, 478, 479, 476, 471, 475, 477, 450, 76, 142, 164, 165, 167, 168, 711, 680, 670, 725, 726, 728, 618, 619, 623, 677, 678, 679, 313, 29, 69, 55, 84, 68, 71, 72, 65, 10, 11, 62, 32, 16, 24, 27, 331, 332, 350, 22, 28, 18, 17, 26, 57, 45, 398, 370, 639, 640, 356, 555, 823, 532, 534, 528, 576, 573, 589, 596, 403, 420, 419, 418, 426, 435, 659, 355, 648, 647, 963, 540, 204, 210, 214, 815, 998, 550, 713, 714, 716, 700, 972, 973, 971, 970, 968, 966, 773, 770, 771, 769, 775, 407, 750, 360, 361, 729, 709, 736, 737, 745, 136, 994, 253, 255, 59, 60, 39, 49, 74, 131, 134, 162, 157, 613, 656, 633, 347, 351, 176, 66, 54, 53, 23, 61, 58, 2, 4, 3, 50, 36, 35, 319, 56, 52, 51, 138, 140, 831, 832, 825, 826, 827, 510, 511, 830, 706, 701, 537, 536, 5, 491, 499, 940, 781, 757, 761, 776, 868, 876, 888, 664, 662, 663, 669, 373, 344, 67, 44, 7, 6, 8, 14, 15, 21, 30, 101, 40, 42, 75, 119, 466, 494, 488, 490, 816, 840, 547, 587, 600, 912, 914, 926, 882, 886, 821, 822, 448, 470, 483, 484, 500, 183, 153, 150, 273, 400, 339, 397, 387, 880, 879, 887, 928, 864, 863, 856, 852, 841, 812, 794, 746, 315, 570, 599, 170, 172, 0, 946, 947, 943, 883]
pr2392.tsp;3318660,0;31,988;777,878;QAS;visibility;[208, 193, 166, 165, 214, 259, 257, 123, 207, 209, 210, 1255, 1991, 1990, 1928, 1981, 1984, 1983, 2021, 2027, 2022, 2055, 2053, 2056, 2062, 2063, 2064, 1610, 2085, 2109, 2106, 2105, 2108, 2103, 2086, 2023, 2026, 2088, 2091, 2084, 2092, 2101, 2099, 2096, 2015, 601, 602, 741, 1824, 2051, 2112, 2113, 771, 833, 834, 846, 1927, 1925, 1905, 1907, 1906, 1904, 1940, 1881, 1816, 1817, 1833, 1865, 1766, 1982, 1952, 1959, 1892, 1702, 1703, 1701, 848, 1671, 1672, 1673, 1674, 1682, 1662, 1663, 1645, 1639, 1666, 1664, 1727, 1723, 1724, 1592, 1607, 2119, 2074, 2077, 2079, 2076, 2083, 2078, 2081, 2080, 1524, 1519, 1518, 1517, 1516, 1515, 1514, 2230, 2223, 1523, 1525, 2334, 2343, 1401, 1391, 1398, 1239, 1247, 1405, 1399, 1409, 1410, 1407, 1349, 2391, 2389, 1039, 1040, 1436, 1434, 1844, 646, 1793, 649, 660, 659, 1759, 1756, 800, 814, 810, 811, 2133, 471, 753, 940, 917, 915, 957, 955, 928, 2072, 2019, 2020, 2090, 2089, 1464, 127, 2353, 2360, 2351, 2349, 2278, 2279, 2277, 2282, 2284, 2337, 2341, 2338, 2339, 2177, 1303, 1304, 1301, 1489, 1120, 1068, 1069, 14, 23, 4, 12, 11, 9, 7, 8, 743, 749, 485, 453, 451, 1079, 1075, 1078, 1122, 1121, 1230, 1231, 168, 163, 162, 258, 245, 253, 352, 351, 1792, 1832, 1836, 618, 1830, 1831, 1861, 1860, 1859, 1858, 1863, 1862, 1818, 1771, 1754, 2229, 2224, 2249, 2250, 2248, 2173, 2182, 2235, 2236, 2232, 2221, 2219, 2217, 2201, 2237, 2239, 2238, 2244, 1621, 1620, 1590, 2187, 2186, 2184, 2183, 2176, 2202, 2216, 2209, 2207, 2208, 2215, 1485, 1484, 1480, 1482, 1467, 1521, 1520, 1459, 2289, 2283, 2288, 2326, 2325, 2322, 35, 539, 537, 540, 534, 535, 543, 572, 570, 565, 531, 532, 525, 524, 568, 569, 508, 609, 608, 607, 610, 613, 611, 726, 594, 941, 479, 566, 582, 516, 507, 506, 824, 858, 831, 830, 856, 851, 861, 815, 1735, 1734, 1650, 1683, 1668, 1667, 1634, 1635, 1790, 2132, 1370, 1364, 1258, 160, 199, 194, 192, 1206, 1204, 151, 1302, 1308, 2324, 2323, 1309, 2317, 2320, 2275, 2274, 2344, 2347, 2350, 2169, 2258, 2261, 2260, 2259, 2365, 2370, 2372, 2377, 2375, 2373, 2374, 2378, 2376, 2335, 2333, 1388, 1389, 1415, 1319, 1318, 1351, 1354, 1353, 1356, 1490, 1492, 1491, 1495, 1638, 2047, 2046, 1624, 2206, 1448, 1451, 1454, 1550, 1551, 1547, 1457, 1540, 1539, 829, 1511, 1499, 49, 50, 1392, 64, 65, 70, 69, 132, 204, 205, 446, 431, 430, 429, 424, 440, 439, 438, 417, 415, 978, 975, 969, 974, 2272, 2271, 462, 580, 564, 563, 722, 1804, 1802, 1787, 1786, 648, 647, 656, 655, 658, 657, 662, 664, 637, 633, 1449, 1126, 1116, 1124, 1125, 1006, 597, 604, 603, 731, 732, 727, 737, 738, 676, 677, 673, 674, 685, 687, 638, 1839, 1840, 2006, 1996, 1988, 1987, 1721, 1725, 1726, 1731, 1732, 1718, 1736, 1823, 1821, 1613, 1616, 1617, 1618, 1580, 1572, 1073, 1080, 1072, 902, 960, 948, 828, 826, 756, 713, 704, 703, 702, 715, 728, 730, 729, 1894, 1972, 1980, 1969, 1979, 1985, 1978, 1986, 1977, 1869, 1974, 1943, 1934, 1942, 1913, 1912, 841, 768, 769, 231, 229, 227, 238, 232, 233, 234, 149, 1152, 1397, 1355, 1503, 1053, 1437, 1462, 1438, 1343, 1340, 1339, 1345, 1346, 1341, 1403, 1406, 2247, 2242, 2234, 2159, 1234, 1164, 1166, 1170, 1168, 1186, 1180, 1215, 2154, 2034, 2044, 1661, 1641, 994, 1061, 1048, 1050, 984, 983, 5, 1277, 1276, 1386, 1385, 1383, 1382, 1266, 1267, 2130, 2127, 2205, 2222, 1402, 1513, 2149, 2148, 2152, 2153, 2151, 2150, 2158, 2157, 2163, 2164, 2145, 2146, 2147, 2178, 2181, 2211, 2225, 2228, 2226, 1527, 1522, 1488, 1487, 1465, 1472, 1470, 1632, 1677, 2111, 2110, 2121, 2070, 2069, 2068, 2067, 2066, 2012, 2011, 2025, 491, 512, 567, 581, 511, 513, 515, 517, 546, 547, 526, 501, 527, 409, 966, 982, 985, 370, 369, 371, 372, 373, 1102, 1099, 339, 1001, 1042, 1047, 174, 1157, 1100, 1101, 1129, 1130, 1114, 1118, 1268, 1269, 1270, 1273, 46, 33, 1598, 1591, 2003, 1998, 1997, 1422, 1441, 1548, 2179, 1497, 1493, 1899, 1946, 1947, 1949, 1948, 1889, 1886, 1888, 1887, 1900, 1893, 1891, 1890, 1885, 1884, 1883, 1882, 1880, 1878, 1764, 1820, 1807, 1834, 605, 606, 596, 598, 579, 585, 587, 589, 588, 1476, 1475, 380, 972, 302, 300, 398, 399, 400, 401, 402, 393, 324, 326, 392, 1165, 1209, 1223, 1207, 1199, 1198, 1200, 1185, 251, 1179, 1196, 1192, 1184, 1331, 1330, 1326, 1332, 2262, 2263, 1507, 2264, 1999, 1954, 1879, 1876, 1875, 1976, 2033, 2032, 2029, 2031, 2040, 1713, 1716, 1714, 1692, 790, 792, 931, 924, 927, 926, 925, 422, 421, 980, 896, 817, 818, 777, 913, 435, 428, 427, 420, 312, 314, 318, 301, 396, 395, 390, 1238, 1384, 1271, 26, 27, 25, 2190, 2192, 2314, 2318, 1310, 2309, 2293, 2292, 1212, 1211, 82, 83, 1767, 1719, 872, 1051, 1052, 1074, 2137, 2203, 2043, 2036, 2037, 2038, 2039, 2042, 1685, 865, 894, 801, 897, 776, 781, 807, 805, 806, 590, 2041, 2013, 2028, 2024, 2030, 2061, 2071, 1033, 1032, 1035, 1034, 1240, 1232, 67, 68, 2265, 2285, 2329, 1426, 1261, 164, 186, 190, 155, 153, 488, 452, 450, 449, 448, 480, 481, 454, 455, 456, 432, 1390, 1368, 1373, 1360, 1365, 1280, 1274, 1263, 1265, 59, 58, 1242, 1241, 2141, 2139, 2140, 2388, 2387, 2386, 2385, 6, 31, 2168, 2171, 2359, 2336, 2354, 2355, 2356, 2357, 2162, 2371, 1960, 1914, 1939, 1957, 1963, 1964, 1965, 1989, 1967, 1966, 1931, 1932, 1929, 1930, 1937, 1936, 1941, 1938, 1944, 1556, 1560, 1012, 1011, 880, 1009, 886, 502, 528, 530, 523, 556, 557, 562, 614, 612, 576, 577, 1747, 735, 733, 645, 1788, 1772, 1768, 1773, 1765, 1822, 1819, 1842, 770, 775, 820, 890, 1105, 1110, 1107, 1419, 1323, 1322, 1338, 1287, 1315, 1314, 1344, 1348, 1342, 1321, 1432, 750, 2100, 2095, 2094, 1576, 1570, 1535, 1536, 1537, 1541, 378, 377, 625, 632, 631, 630, 629, 628, 627, 626, 716, 718, 744, 745, 747, 680, 681, 639, 636, 690, 691, 692, 693, 698, 634, 635, 802, 813, 892, 889, 891, 130, 131, 78, 32, 38, 44, 41, 37, 39, 1400, 36, 1296, 18, 19, 28, 29, 1294, 1295, 1286, 2301, 1363, 1361, 1362, 1371, 1289, 1065, 1067, 1127, 1123, 1117, 1071, 1070, 1452, 1460, 1461, 1463, 2268, 2246, 2243, 2174, 2245, 1334, 1337, 2302, 2304, 2303, 1235, 1236, 1233, 1252, 1380, 1387, 1375, 2348, 2358, 1138, 1142, 216, 105, 86, 87, 1137, 1145, 356, 344, 346, 363, 362, 360, 361, 336, 334, 331, 289, 292, 288, 287, 291, 304, 319, 387, 386, 384, 383, 382, 379, 317, 290, 269, 261, 249, 248, 246, 252, 188, 1292, 884, 885, 1086, 1085, 1084, 1083, 1851, 1660, 1659, 1636, 1633, 838, 1670, 1665, 1627, 1628, 1557, 1014, 881, 911, 899, 901, 914, 425, 426, 418, 444, 423, 847, 842, 844, 1443, 66, 73, 74, 72, 71, 1281, 2280, 2281, 2273, 2312, 1324, 2308, 1325, 1025, 1024, 1023, 709, 763, 764, 863, 835, 1019, 1018, 1076, 297, 295, 294, 283, 278, 345, 79, 80, 228, 1167, 114, 106, 104, 103, 102, 100, 99, 110, 109, 108, 111, 112, 217, 219, 218, 221, 226, 225, 230, 237, 175, 1417, 1245, 1243, 1374, 1425, 1418, 1500, 1498, 1506, 1505, 1508, 2267, 1504, 1502, 1509, 1510, 2266, 650, 652, 619, 616, 615, 623, 624, 719, 720, 699, 705, 701, 405, 404, 436, 437, 963, 434, 1691, 1689, 1693, 883, 882, 878, 879, 2194, 1611, 1614, 773, 772, 748, 786, 758, 765, 766, 762, 932, 787, 929, 946, 945, 1013, 1015, 1016, 1479, 1478, 688, 683, 682, 2115, 2107, 1603, 1597, 1596, 1581, 1582, 1328, 1327, 1026, 1455, 1544, 1546, 1567, 1566, 1583, 1466, 1021, 1063, 1062, 1060, 1057, 1058, 1143, 1049, 1059, 1066, 364, 365, 333, 332, 335, 303, 328, 327, 374, 1098, 1095, 1562, 1559, 1558, 1007, 1005, 788, 759, 760, 477, 476, 943, 944, 593, 583, 976, 962, 1044, 1043, 1423, 1483, 1494, 1496, 1898, 1678, 1675, 869, 1680, 1631, 2065, 1586, 1585, 1588, 2199, 2189, 2188, 2241, 2213, 2214, 2082, 1760, 1758, 1762, 1763, 1776, 1778, 1801, 1803, 1796, 1789, 1797, 1794, 1753, 1993, 1994, 1847, 1849, 2098, 2097, 1381, 1379, 1369, 1367, 1226, 1246, 1421, 1420, 492, 494, 495, 493, 499, 538, 542, 550, 548, 555, 1003, 376, 61, 60, 388, 167, 157, 159, 158, 1177, 1216, 1278, 40, 92, 905, 996, 998, 997, 1000, 323, 313, 341, 348, 347, 325, 342, 275, 272, 465, 486, 739, 742, 784, 1827, 1829, 910, 909, 798, 900, 995, 1532, 274, 150, 152, 1259, 52, 53, 2300, 2298, 2291, 1031, 1030, 125, 171, 173, 133, 134, 215, 213, 244, 241, 240, 239, 262, 1275, 1372, 1162, 1163, 1214, 1213, 1395, 1229, 988, 907, 725, 723, 724, 591, 796, 965, 964, 309, 310, 311, 358, 558, 561, 559, 560, 573, 736, 711, 1750, 1755, 265, 1092, 375, 839, 1742, 809, 665, 666, 663, 864, 868, 870, 1113, 1090, 1091, 1093, 1217, 1256, 1254, 1045, 1041, 1473, 1474, 1481, 1447, 1154, 1173, 1468, 1469, 1477, 1440, 1029, 1028, 1027, 808, 895, 939, 936, 938, 935, 942, 518, 519, 520, 510, 514, 553, 552, 551, 740, 686, 694, 696, 695, 1648, 1658, 1646, 1575, 1579, 1584, 1795, 1798, 1799, 1808, 1809, 1810, 1815, 734, 600, 599, 592, 113, 136, 138, 137, 223, 522, 504, 505, 503, 967, 968, 970, 971, 973, 320, 321, 315, 316, 329, 322, 293, 296, 298, 299, 2014, 2016, 2017, 2018, 2001, 2000, 710, 708, 706, 707, 712, 689, 653, 654, 825, 761, 222, 183, 200, 128, 330, 340, 1112, 678, 1545, 48, 2276, 2346, 2362, 2363, 1, 1311, 2319, 2321, 1313, 1312, 2310, 1320, 2297, 1435, 1430, 1446, 2257, 2256, 2255, 2210, 1197, 156, 1147, 359, 1096, 397, 284, 280, 279, 281, 285, 306, 307, 308, 305, 1605, 1604, 1853, 1852, 1951, 1950, 1970, 1955, 1968, 1956, 1953, 1958, 1855, 1854, 1921, 1922, 1923, 1911, 1910, 1712, 1708, 1709, 1743, 1704, 1705, 1706, 1717, 2035, 2045, 1644, 1640, 1642, 1089, 1106, 1111, 1135, 1108, 367, 366, 147, 148, 1201, 1202, 1203, 198, 195, 196, 191, 90, 89, 2185, 1237, 1228, 1225, 1219, 1222, 1221, 1253, 1260, 144, 143, 124, 119, 120, 117, 118, 220, 211, 282, 263, 264, 1366, 1414, 1393, 54, 55, 56, 57, 51, 42, 1283, 1284, 1357, 1412, 908, 804, 930, 933, 447, 459, 457, 458, 433, 445, 442, 443, 441, 412, 414, 470, 468, 469, 472, 474, 473, 904, 903, 651, 2060, 2075, 2004, 2005, 1872, 1873, 1877, 2058, 2059, 2057, 1669, 862, 1563, 1857, 1856, 1871, 1870, 1864, 1971, 1655, 1657, 1728, 1729, 1730, 644, 1529, 1528, 2204, 2212, 2218, 1961, 2049, 2052, 947, 954, 920, 956, 951, 410, 411, 717, 621, 620, 622, 857, 859, 832, 1651, 1653, 1654, 1652, 1553, 1077, 993, 893, 816, 812, 794, 795, 791, 793, 855, 854, 1738, 1737, 1841, 845, 1684, 1696, 1698, 1697, 1699, 1690, 1688, 1687, 1686, 866, 1681, 1561, 1396, 1227, 1224, 1181, 1182, 1183, 1195, 1176, 182, 181, 256, 1171, 354, 1144, 1109, 1140, 1141, 3, 2315, 2316, 1305, 1306, 1299, 1293, 1291, 1290, 1288, 2290, 2295, 2307, 2299, 2134, 2198, 2196, 2193, 2197, 1619, 1625, 1626, 1629, 1630, 1587, 1909, 1908, 1637, 1722, 1694, 2008, 2007, 2009, 1555, 1554, 1131, 1146, 1037, 1038, 235, 236, 122, 121, 177, 178, 1424, 1413, 1336, 2294, 2269, 1376, 1378, 1377, 1251, 1160, 1158, 1161, 1159, 1411, 1606, 2330, 2340, 2364, 2367, 2368, 2369, 2366, 2379, 2382, 2381, 2384, 2383, 203, 202, 1208, 1612, 2054, 1933, 1811, 1814, 1813, 1812, 1593, 1707, 1715, 1740, 2122, 2123, 2124, 2125, 2126, 2104, 2102, 2114, 2116, 1081, 1082, 1064, 1175, 145, 1172, 1174, 1156, 1244, 1249, 1248, 1220, 1218, 1169, 1404, 1335, 1329, 34, 43, 1350, 1352, 1347, 63, 1210, 1257, 1205, 179, 189, 176, 247, 172, 184, 1188, 1187, 1036, 1439, 1442, 887, 1119, 1094, 1087, 1622, 1577, 697, 700, 463, 464, 466, 675, 1825, 1846, 1649, 1647, 1845, 1916, 1962, 1992, 1995, 1850, 672, 679, 2156, 2180, 1920, 1918, 1917, 1926, 850, 1711, 979, 1104, 1103, 337, 343, 368, 406, 408, 467, 950, 782, 778, 779, 1868, 1867, 1866, 1975, 643, 642, 684, 640, 641, 1741, 1746, 1745, 799, 1676, 2, 2380, 2327, 16, 15, 20, 1285, 1358, 1279, 1359, 2200, 2166, 2165, 1134, 1128, 1133, 1531, 1530, 1538, 1534, 1533, 1543, 1549, 1569, 1568, 1573, 1574, 1564, 1565, 1935, 1761, 1757, 1779, 1781, 1783, 260, 243, 268, 349, 355, 357, 353, 1148, 1150, 1002, 1004, 999, 836, 837, 840, 822, 888, 852, 1843, 1784, 1785, 1769, 1805, 1806, 1945, 1733, 1744, 1749, 1748, 667, 755, 757, 1695, 1710, 1700, 529, 496, 498, 497, 521, 509, 578, 584, 873, 876, 875, 874, 1010, 827, 860, 849, 1643, 1901, 1902, 1903, 1919, 1915, 489, 490, 2227, 2251, 2253, 2254, 2252, 1602, 1601, 1599, 1609, 2117, 1594, 1600, 2195, 2136, 2138, 2142, 2143, 2144, 10, 13, 206, 212, 1394, 991, 990, 989, 1679, 922, 923, 478, 754, 752, 671, 1751, 1752, 661, 669, 1838, 1848, 617, 571, 483, 482, 484, 937, 670, 668, 953, 952, 949, 419, 961, 959, 918, 921, 919, 958, 916, 977, 266, 267, 276, 385, 394, 413, 416, 912, 116, 115, 107, 94, 95, 96, 97, 98, 2129, 2120, 2118, 1608, 1615, 2050, 1578, 254, 255, 250, 180, 1194, 1193, 81, 88, 76, 77, 75, 1408, 1333, 2352, 2361, 1054, 1056, 1055, 1155, 2161, 2160, 17, 21, 22, 24, 30, 1317, 1316, 2313, 2311, 2306, 2296, 2332, 2331, 1020, 1022, 871, 867, 1828, 1826, 1800, 1777, 1770, 1774, 1775, 1835, 273, 821, 819, 823, 1136, 1139, 1132, 906, 992, 987, 986, 981, 1097, 1453, 1552, 574, 575, 461, 460, 1008, 877, 774, 853, 1571, 2087, 2093, 1924, 1623, 1298, 1300, 1297, 2305, 2172, 1589, 1427, 1739, 2135, 2170, 2175, 2155, 2167, 2233, 2240, 1526, 1450, 1456, 403, 277, 286, 721, 714, 1782, 1780, 1433, 1471, 1445, 1444, 1458, 2220, 2231, 797, 2010, 2002, 1837, 1896, 1895, 1897, 1486, 391, 389, 381, 350, 1149, 1153, 1151, 338, 224, 242, 475, 785, 545, 533, 536, 544, 549, 541, 554, 500, 586, 595, 751, 746, 783, 780, 47, 45, 1512, 1501, 1428, 1429, 1431, 140, 85, 139, 93, 187, 185, 1191, 1190, 1189, 1178, 170, 169, 154, 197, 161, 201, 129, 135, 126, 843, 91, 1046, 1250, 2128, 1595, 2286, 2287, 2342, 2345, 2328, 146, 142, 84, 101, 1262, 1017, 1115, 1542, 767, 2048, 1656, 2191, 2270, 1416, 62, 1264, 1272, 1874, 1973, 2073, 1307, 898, 803, 789, 934, 487, 1720, 2390, 0, 1282, 141, 271, 270, 1088, 407, 1791, 2131, 208]
burma14.tsp;4404,0;0,001;32,531;QAS;visibility;[0, 7, 1, 8, 10, 12, 6, 5, 11, 3, 13, 2, 4, 9, 0]
gr17.tsp;2352,0;0,0;12,806;QAS;visibility;[0, 6, 16, 5, 7, 12, 3, 14, 13, 2, 10, 4, 9, 1, 8, 11, 15, 0]
gr21.tsp;3336,0;0,001;23,236;QAS;visibility;[9, 17, 12, 13, 14, 1, 20, 19, 18, 10, 3, 11, 6, 7, 5, 0, 15, 4, 8, 2, 16, 9]
gr24.tsp;1902,0;0,001;49,528;QAS;visibility;[21, 16, 2, 7, 6, 5, 15, 0, 3, 11, 23, 4, 20, 9, 18, 1, 19, 13, 10, 17, 14, 12, 8, 22, 21]
bays29.tsp;2822,0;0,001;39,703;QAS;visibility;[24, 18, 14, 3, 9, 19, 21, 13, 17, 16, 10, 12, 20, 1, 15, 7, 26, 23, 27, 0, 4, 8, 5, 11, 25, 28, 2, 22, 6, 24]
ftv33.atsp;1663,0;0,002;29,316;QAS;visibility;[18, 19, 17, 11, 8, 7, 4, 5, 6, 30, 33, 2, 3, 0, 16, 14, 15, 12, 13, 9, 32, 10, 1, 25, 24, 23, 21, 20, 22, 26, 29, 27, 28, 31, 18]
ftv44.atsp;2486,0;0,003;54,123;QAS;visibility;[26, 25, 28, 29, 24, 23, 22, 14, 43, 11, 10, 21, 0, 20, 7, 9, 8, 40, 44, 3, 4, 5, 2, 31, 30, 27, 33, 34, 35, 32, 36, 37, 38, 39, 6, 41, 15, 17, 18, 16, 13, 19, 1, 42, 12, 26]
ft53.atsp;10236,0;0,004;48,24;QAS;visibility;[26, 25, 27, 29, 28, 52, 48, 49, 50, 51, 15, 37, 35, 40, 36, 32, 31, 33, 30, 8, 6, 5, 9, 7, 0, 3, 2, 17, 16, 11, 10, 14, 20, 21, 39, 38, 45, 41, 43, 44, 34, 19, 18, 1, 13, 12, 46, 42, 47, 23, 22, 4, 24, 26]
ch150.tsp;9781,0;0,03;49,831;QAS;visibility;[149, 114, 3, 103, 44, 70, 43, 63, 111, 135, 73, 122, 79, 13, 76, 121, 132, 15, 58, 78, 120, 93, 87, 9, 112, 2, 61, 97, 0, 86, 33, 102, 6, 83, 88, 7, 95, 29, 62, 47, 72, 75, 81, 94, 106, 4, 99, 142, 96, 92, 34, 123, 51, 125, 32, 91, 53, 45, 137, 133, 130, 31, 37, 22, 115, 66, 42, 108, 50, 19, 24, 109, 80, 46, 119, 41, 8, 27, 5, 36, 1, 28, 18, 98, 113, 101, 69, 134, 49, 54, 57, 25, 145, 82, 55, 89, 110, 104, 14, 77, 20, 148, 124, 21, 71, 146, 48, 143, 128, 26, 30, 144, 56, 38, 40, 100, 11, 23, 52, 117, 126, 68, 35, 60, 147, 10, 129, 59, 65, 16, 139, 116, 12, 105, 90, 118, 67, 127, 39, 138, 107, 85, 140, 64, 17, 141, 84, 131, 136, 74, 149]
ftv170.atsp;5125,0;0,04;86,025;QAS;visibility;[97, 98, 95, 96, 165, 163, 99, 100, 102, 103, 117, 118, 120, 121, 122, 123, 162, 124, 128, 130, 131, 113, 164, 127, 126, 125, 129, 136, 137, 138, 139, 140, 141, 134, 169, 111, 3, 4, 5, 133, 114, 109, 108, 166, 93, 92, 154, 89, 90, 91, 87, 70, 69, 67, 167, 66, 65, 64, 56, 57, 62, 61, 68, 84, 71, 60, 50, 51, 52, 53, 46, 47, 39, 38, 37, 75, 11, 76, 74, 19, 20, 21, 32, 158, 36, 157, 33, 31, 30, 28, 29, 22, 23, 26, 27, 15, 159, 16, 17, 18, 25, 150, 151, 160, 7, 8, 9, 10, 12, 13, 156, 40, 45, 44, 35, 34, 41, 155, 42, 48, 170, 49, 73, 72, 78, 77, 1, 0, 81, 80, 79, 82, 2, 6, 152, 142, 143, 147, 149, 161, 14, 24, 115, 104, 105, 94, 106, 101, 88, 153, 86, 85, 83, 168, 110, 107, 119, 146, 145, 144, 132, 112, 116, 135, 148, 55, 54, 58, 59, 63, 43, 97]
gr202.tsp;62949,0;0,059;56,746;QAS;visibility;[14, 11, 44, 43, 41, 40, 102, 103, 104, 105, 107, 106, 108, 109, 110, 98, 49, 47, 48, 46, 45, 42, 33, 52, 55, 56, 53, 54, 51, 58, 60, 59, 57, 61, 62, 64, 65, 63, 70, 68, 69, 126, 127, 128, 129, 130, 119, 122, 117, 39, 37, 36, 26, 27, 28, 136, 141, 138, 137, 22, 23, 21, 16, 17, 10, 18, 20, 25, 19, 30, 31, 29, 50, 32, 34, 35, 123, 38, 121, 124, 132, 131, 125, 166, 116, 115, 114, 113, 112, 111, 99, 94, 96, 95, 97, 155, 101, 100, 164, 163, 168, 165, 160, 159, 162, 167, 169, 170, 134, 135, 183, 140, 184, 185, 174, 172, 175, 176, 177, 179, 180, 181, 195, 194, 182, 191, 190, 192, 193, 197, 196, 198, 199, 200, 149, 150, 148, 147, 24, 143, 142, 144, 139, 133, 118, 120, 171, 173, 188, 189, 186, 187, 151, 152, 153, 154, 145, 146, 12, 13, 2, 1, 3, 6, 5, 7, 4, 8, 9, 15, 72, 71, 87, 93, 86, 88, 89, 90, 91, 92, 84, 83, 85, 80, 81, 79, 78, 161, 156, 157, 158, 82, 66, 67, 73, 74, 75, 77, 76, 178, 201, 0, 14]
gr666.tsp;449983,0;1,013;52,869;QAS;visibility;[496, 497, 499, 500, 501, 498, 495, 493, 494, 492, 491, 458, 459, 460, 520, 521, 524, 525, 512, 511, 510, 509, 504, 503, 159, 507, 165, 164, 506, 505, 163, 160, 161, 162, 191, 195, 193, 194, 196, 206, 207, 219, 218, 220, 228, 224, 222, 223, 221, 215, 225, 226, 227, 209, 208, 210, 212, 211, 214, 213, 204, 205, 203, 201, 200, 199, 198, 197, 184, 185, 192, 188, 189, 190, 187, 180, 186, 179, 178, 177, 176, 175, 174, 173, 169, 168, 167, 166, 138, 172, 171, 181, 182, 183, 377, 376, 378, 258, 372, 373, 374, 418, 417, 369, 368, 404, 406, 407, 405, 398, 397, 402, 396, 401, 400, 350, 349, 348, 347, 334, 328, 329, 333, 345, 346, 354, 355, 358, 367, 366, 359, 365, 371, 375, 370, 361, 360, 262, 261, 260, 271, 351, 343, 342, 341, 340, 344, 332, 338, 337, 274, 336, 283, 281, 282, 279, 275, 277, 278, 280, 269, 268, 267, 285, 289, 286, 276, 339, 352, 353, 356, 364, 357, 272, 363, 362, 270, 266, 265, 264, 263, 284, 287, 288, 290, 293, 294, 292, 291, 295, 296, 298, 297, 299, 300, 317, 318, 319, 390, 441, 394, 393, 391, 392, 389, 335, 331, 321, 327, 325, 326, 330, 320, 322, 323, 324, 440, 439, 315, 313, 314, 438, 442, 443, 444, 399, 395, 410, 409, 419, 408, 413, 411, 414, 415, 416, 428, 429, 424, 426, 427, 403, 422, 383, 384, 382, 381, 380, 421, 423, 420, 257, 256, 255, 251, 250, 242, 243, 259, 254, 252, 244, 245, 248, 253, 247, 246, 145, 238, 237, 241, 240, 239, 142, 143, 144, 141, 236, 249, 235, 140, 139, 147, 149, 150, 151, 152, 388, 386, 385, 387, 430, 431, 432, 433, 487, 486, 488, 489, 435, 154, 157, 155, 156, 158, 502, 518, 517, 519, 522, 516, 523, 515, 514, 513, 471, 470, 472, 529, 528, 527, 526, 535, 530, 531, 533, 532, 539, 540, 542, 541, 534, 536, 537, 538, 547, 550, 551, 552, 549, 561, 546, 545, 544, 543, 559, 560, 601, 604, 605, 603, 612, 609, 610, 611, 632, 633, 631, 630, 629, 627, 628, 626, 625, 624, 623, 484, 483, 482, 481, 619, 618, 620, 621, 622, 485, 617, 613, 614, 615, 616, 475, 476, 474, 466, 467, 464, 463, 448, 449, 450, 461, 462, 457, 455, 452, 453, 446, 412, 445, 451, 456, 447, 454, 490, 434, 153, 425, 379, 273, 304, 306, 305, 303, 302, 301, 316, 311, 310, 436, 437, 312, 465, 468, 469, 473, 548, 555, 556, 557, 558, 554, 553, 566, 567, 565, 563, 568, 569, 570, 571, 572, 577, 574, 575, 576, 578, 579, 580, 581, 583, 586, 582, 584, 590, 585, 592, 591, 594, 595, 596, 597, 600, 599, 608, 607, 598, 606, 602, 562, 564, 573, 587, 588, 589, 658, 657, 637, 638, 636, 593, 639, 647, 641, 642, 643, 644, 645, 646, 656, 655, 654, 652, 651, 650, 649, 648, 653, 660, 662, 663, 661, 97, 95, 94, 93, 96, 90, 89, 91, 88, 87, 82, 86, 81, 80, 79, 78, 77, 76, 50, 51, 73, 72, 49, 46, 47, 48, 42, 41, 12, 43, 37, 36, 31, 32, 38, 39, 44, 40, 35, 34, 33, 28, 52, 53, 54, 56, 55, 58, 59, 60, 62, 63, 65, 64, 70, 68, 69, 67, 66, 57, 61, 98, 99, 100, 101, 103, 134, 135, 83, 84, 85, 137, 136, 126, 125, 119, 120, 121, 124, 123, 128, 127, 122, 129, 131, 130, 132, 133, 117, 112, 111, 110, 109, 113, 114, 116, 105, 106, 115, 104, 102, 118, 107, 108, 665, 202, 233, 231, 229, 230, 232, 217, 216, 170, 148, 146, 307, 308, 17, 15, 13, 14, 45, 16, 30, 29, 10, 8, 9, 2, 3, 4, 18, 5, 7, 6, 19, 24, 26, 27, 25, 22, 23, 21, 20, 71, 75, 74, 92, 664, 659, 477, 480, 478, 1, 0, 309, 11, 479, 634, 635, 640, 508, 234, 496]
pcb442.tsp;80846,0;0,369;59,215;QAS;visibility;[202, 189, 177, 397, 190, 214, 223, 231, 254, 255, 256, 257, 258, 259, 260, 262, 263, 415, 267, 419, 271, 422, 367, 368, 369, 370, 371, 372, 373, 374, 333, 306, 332, 331, 330, 329, 305, 304, 336, 426, 335, 334, 431, 297, 323, 324, 300, 325, 326, 327, 328, 303, 302, 301, 428, 299, 298, 430, 364, 344, 366, 365, 363, 362, 361, 343, 360, 359, 357, 434, 358, 294, 295, 321, 296, 322, 429, 274, 436, 264, 236, 413, 410, 409, 218, 208, 197, 182, 169, 158, 146, 133, 123, 111, 110, 122, 132, 145, 157, 168, 181, 196, 207, 217, 407, 408, 403, 216, 204, 205, 206, 195, 194, 193, 180, 167, 156, 144, 390, 131, 121, 109, 384, 120, 130, 142, 155, 393, 394, 178, 165, 154, 141, 129, 389, 387, 119, 108, 381, 85, 86, 377, 56, 55, 22, 23, 24, 57, 58, 90, 27, 28, 62, 63, 64, 31, 375, 376, 32, 97, 96, 379, 378, 95, 93, 60, 61, 59, 91, 92, 100, 435, 94, 26, 25, 87, 88, 89, 54, 20, 21, 19, 52, 51, 83, 82, 50, 17, 16, 15, 78, 46, 45, 11, 43, 10, 9, 8, 7, 40, 72, 73, 41, 74, 75, 44, 12, 13, 79, 80, 81, 49, 18, 53, 84, 380, 438, 107, 118, 128, 117, 106, 99, 48, 47, 14, 77, 76, 98, 42, 105, 116, 104, 127, 139, 152, 162, 175, 187, 199, 212, 221, 229, 248, 414, 249, 250, 251, 252, 253, 417, 416, 246, 245, 244, 243, 242, 241, 240, 406, 227, 234, 239, 266, 270, 269, 268, 272, 275, 278, 280, 281, 341, 340, 427, 307, 308, 283, 309, 310, 284, 311, 285, 312, 313, 314, 289, 288, 287, 286, 339, 432, 348, 347, 346, 345, 338, 349, 350, 342, 351, 352, 353, 354, 433, 355, 356, 315, 316, 290, 291, 317, 318, 320, 319, 293, 292, 277, 405, 400, 399, 184, 171, 160, 148, 135, 125, 113, 102, 101, 1, 34, 35, 2, 3, 4, 5, 6, 39, 70, 69, 37, 36, 68, 67, 66, 65, 33, 0, 38, 71, 114, 103, 440, 385, 126, 136, 388, 386, 137, 391, 395, 185, 172, 173, 398, 186, 211, 228, 220, 210, 402, 174, 200, 401, 201, 188, 396, 176, 164, 153, 140, 163, 138, 392, 149, 161, 150, 151, 115, 191, 192, 203, 215, 224, 232, 235, 412, 411, 261, 418, 421, 437, 225, 219, 209, 198, 183, 170, 159, 147, 134, 124, 112, 382, 383, 30, 29, 179, 166, 143, 230, 222, 213, 247, 424, 420, 423, 282, 279, 425, 439, 276, 273, 265, 238, 237, 233, 226, 404, 441, 337, 202]
rbg443.atsp;6313,0;0,355;132,096;QAS;visibility;[55, 152, 304, 231, 108, 238, 315, 286, 17, 423, 365, 353, 191, 39, 181, 126, 314, 385, 61, 90, 435, 98, 239, 26, 253, 86, 94, 30, 362, 121, 10, 269, 148, 93, 260, 325, 252, 323, 56, 402, 46, 145, 378, 123, 233, 436, 245, 352, 62, 291, 275, 337, 274, 85, 78, 272, 333, 228, 306, 178, 409, 283, 23, 312, 400, 73, 212, 2, 19, 101, 364, 22, 391, 412, 28, 232, 29, 5, 302, 374, 185, 263, 50, 437, 16, 33, 332, 271, 266, 70, 82, 173, 218, 331, 87, 317, 431, 265, 48, 381, 270, 102, 51, 319, 156, 37, 138, 135, 83, 208, 243, 69, 293, 261, 234, 267, 168, 186, 379, 388, 3, 277, 137, 124, 106, 192, 200, 438, 110, 392, 395, 424, 107, 205, 34, 95, 140, 139, 111, 171, 439, 393, 354, 336, 79, 175, 376, 375, 346, 368, 419, 143, 103, 255, 40, 257, 118, 290, 105, 320, 273, 401, 413, 149, 201, 254, 235, 89, 249, 14, 132, 383, 113, 408, 226, 247, 360, 100, 27, 127, 242, 351, 240, 318, 370, 49, 25, 64, 97, 279, 416, 404, 311, 389, 421, 52, 60, 206, 427, 380, 213, 116, 125, 372, 0, 45, 276, 77, 146, 114, 215, 58, 172, 91, 182, 184, 144, 256, 422, 246, 341, 227, 313, 193, 99, 41, 157, 244, 363, 199, 141, 358, 371, 262, 104, 303, 81, 347, 310, 414, 197, 294, 122, 35, 415, 425, 330, 248, 357, 75, 236, 112, 316, 258, 410, 42, 338, 418, 356, 440, 203, 229, 153, 96, 142, 84, 426, 18, 179, 155, 299, 250, 278, 32, 20, 237, 88, 65, 24, 355, 396, 241, 221, 398, 225, 428, 308, 44, 47, 387, 76, 131, 329, 15, 183, 1, 429, 9, 207, 373, 434, 359, 117, 31, 251, 54, 390, 147, 80, 284, 176, 223, 57, 264, 169, 309, 417, 386, 259, 327, 301, 198, 67, 134, 219, 59, 4, 128, 287, 282, 285, 420, 36, 71, 74, 335, 441, 170, 202, 211, 367, 158, 161, 377, 407, 109, 295, 190, 344, 194, 43, 216, 361, 217, 350, 298, 366, 195, 326, 180, 174, 268, 280, 165, 214, 292, 159, 130, 220, 342, 162, 307, 324, 430, 154, 281, 63, 188, 163, 339, 210, 397, 328, 166, 12, 432, 164, 442, 321, 38, 129, 189, 13, 349, 433, 136, 177, 167, 399, 384, 222, 150, 296, 209, 72, 92, 11, 411, 348, 406, 345, 68, 322, 297, 300, 382, 224, 394, 6, 369, 196, 151, 53, 204, 133, 160, 120, 115, 230, 334, 187, 7, 289, 21, 405, 403, 343, 66, 340, 8, 288, 119, 305, 55]
pr1002.tsp;444332,0;2,912;71,527;QAS;visibility;[13, 9, 10, 11, 61, 63, 62, 24, 23, 22, 21, 20, 17, 18, 16, 15, 12, 14, 28, 29, 30, 31, 32, 33, 38, 37, 39, 49, 40, 41, 313, 315, 314, 325, 323, 324, 318, 317, 316, 310, 311, 321, 320, 293, 292, 294, 295, 290, 291, 287, 286, 285, 284, 279, 277, 278, 280, 281, 282, 299, 298, 297, 296, 990, 304, 307, 306, 308, 309, 47, 46, 45, 48, 42, 43, 44, 312, 326, 328, 327, 331, 332, 333, 329, 330, 35, 36, 34, 65, 64, 58, 60, 59, 57, 56, 54, 55, 66, 71, 72, 70, 68, 69, 67, 52, 50, 51, 53, 80, 79, 81, 77, 87, 85, 84, 91, 89, 90, 95, 96, 97, 93, 92, 76, 78, 75, 74, 73, 7, 8, 6, 83, 82, 88, 86, 94, 133, 134, 135, 130, 129, 127, 128, 100, 101, 102, 103, 104, 105, 117, 115, 114, 116, 118, 122, 123, 124, 126, 136, 137, 131, 99, 132, 106, 107, 108, 113, 111, 109, 110, 112, 303, 302, 301, 300, 283, 276, 274, 275, 273, 272, 271, 270, 268, 267, 265, 266, 264, 228, 227, 225, 224, 220, 221, 222, 223, 234, 233, 232, 231, 229, 230, 262, 263, 245, 243, 244, 261, 260, 259, 258, 257, 253, 254, 255, 256, 121, 119, 120, 125, 146, 145, 147, 143, 142, 148, 149, 150, 151, 141, 140, 139, 138, 144, 994, 152, 153, 154, 163, 155, 156, 157, 158, 159, 161, 162, 166, 167, 168, 164, 165, 160, 184, 183, 182, 181, 180, 179, 178, 177, 176, 174, 173, 172, 171, 170, 169, 175, 995, 202, 203, 205, 204, 206, 207, 208, 199, 198, 197, 200, 187, 188, 191, 192, 189, 190, 236, 235, 237, 239, 240, 241, 242, 250, 251, 249, 247, 246, 248, 252, 185, 186, 193, 195, 201, 194, 238, 218, 216, 210, 211, 212, 215, 214, 213, 219, 217, 209, 196, 487, 486, 491, 483, 482, 492, 493, 494, 489, 485, 484, 488, 499, 498, 497, 500, 501, 506, 507, 508, 510, 509, 512, 511, 529, 526, 528, 525, 524, 521, 515, 516, 519, 520, 518, 517, 567, 569, 568, 566, 565, 564, 563, 562, 561, 560, 559, 557, 558, 591, 590, 589, 588, 587, 596, 595, 594, 593, 592, 573, 572, 571, 574, 575, 576, 577, 579, 578, 477, 478, 479, 470, 471, 476, 469, 475, 474, 473, 472, 457, 462, 463, 461, 460, 425, 423, 424, 426, 419, 417, 404, 409, 415, 416, 413, 410, 411, 412, 414, 418, 420, 421, 422, 403, 406, 405, 407, 408, 381, 382, 384, 394, 383, 393, 386, 385, 378, 380, 379, 376, 368, 369, 370, 371, 372, 637, 638, 644, 645, 647, 646, 643, 652, 651, 653, 642, 641, 362, 363, 364, 365, 366, 367, 377, 387, 388, 392, 389, 390, 391, 360, 359, 351, 350, 352, 349, 348, 345, 346, 347, 354, 355, 356, 357, 358, 353, 344, 343, 340, 341, 337, 338, 339, 336, 335, 334, 396, 395, 397, 398, 400, 399, 402, 401, 289, 288, 361, 640, 639, 636, 635, 634, 633, 632, 991, 624, 625, 626, 627, 610, 611, 612, 608, 609, 607, 605, 606, 604, 613, 614, 615, 616, 617, 618, 619, 620, 622, 623, 621, 648, 649, 650, 373, 374, 375, 655, 656, 657, 658, 661, 659, 660, 654, 723, 714, 716, 715, 712, 710, 711, 722, 721, 713, 708, 707, 736, 735, 739, 738, 740, 741, 743, 744, 742, 747, 745, 746, 753, 752, 751, 999, 773, 774, 772, 771, 760, 761, 779, 778, 777, 782, 780, 757, 756, 755, 788, 789, 790, 791, 786, 785, 784, 783, 758, 759, 763, 764, 762, 770, 769, 958, 959, 957, 956, 938, 937, 936, 932, 935, 933, 934, 775, 776, 912, 911, 910, 909, 908, 914, 913, 925, 915, 916, 922, 921, 920, 886, 919, 918, 917, 923, 924, 926, 927, 928, 931, 930, 929, 955, 954, 939, 952, 953, 992, 961, 960, 941, 943, 942, 944, 945, 946, 947, 978, 979, 980, 970, 971, 981, 982, 984, 983, 985, 986, 969, 966, 967, 973, 975, 974, 972, 965, 964, 963, 962, 766, 768, 767, 765, 704, 696, 697, 698, 699, 700, 968, 976, 977, 950, 948, 949, 951, 706, 705, 695, 694, 693, 692, 689, 690, 691, 682, 683, 987, 988, 989, 684, 685, 686, 681, 680, 678, 679, 687, 688, 717, 719, 718, 671, 672, 668, 669, 665, 666, 667, 724, 725, 728, 726, 727, 709, 732, 749, 748, 750, 754, 734, 733, 737, 729, 730, 731, 601, 600, 599, 597, 581, 582, 583, 584, 585, 586, 580, 448, 447, 449, 450, 451, 452, 454, 455, 456, 428, 429, 996, 432, 433, 446, 445, 443, 444, 631, 630, 629, 628, 441, 442, 439, 437, 438, 440, 436, 435, 434, 427, 459, 464, 465, 458, 453, 430, 431, 997, 480, 481, 490, 495, 496, 226, 468, 467, 466, 269, 993, 98, 319, 322, 26, 27, 25, 19, 305, 664, 663, 662, 720, 674, 673, 676, 677, 675, 670, 703, 702, 701, 900, 899, 901, 887, 883, 884, 885, 888, 890, 889, 876, 875, 870, 869, 868, 871, 867, 872, 866, 864, 863, 861, 860, 862, 855, 854, 853, 856, 852, 849, 845, 847, 844, 843, 893, 894, 895, 896, 897, 898, 907, 906, 905, 904, 903, 902, 881, 882, 880, 879, 878, 877, 848, 846, 892, 891, 873, 874, 851, 857, 859, 858, 1001, 837, 835, 834, 829, 828, 831, 832, 833, 830, 836, 839, 838, 840, 814, 813, 817, 818, 811, 819, 810, 820, 821, 822, 823, 824, 816, 815, 812, 809, 808, 806, 807, 805, 804, 803, 799, 798, 802, 801, 800, 797, 796, 795, 794, 598, 555, 556, 554, 553, 552, 551, 550, 549, 547, 542, 543, 544, 539, 545, 546, 541, 540, 538, 537, 533, 534, 536, 535, 527, 531, 530, 532, 523, 522, 514, 513, 570, 548, 826, 825, 827, 850, 842, 841, 1000, 781, 787, 792, 793, 603, 602, 865, 998, 503, 502, 505, 504, 342, 2, 3, 4, 1, 0, 5, 940, 13]
pr2392.tsp;641361,0;32,102;69,658;QAS;visibility;[710, 709, 705, 708, 706, 698, 699, 703, 702, 701, 700, 717, 718, 624, 623, 719, 720, 622, 620, 721, 723, 724, 725, 722, 727, 726, 732, 728, 731, 729, 730, 733, 734, 735, 737, 736, 712, 711, 714, 713, 715, 704, 677, 676, 675, 674, 673, 672, 664, 665, 666, 663, 662, 661, 660, 659, 657, 658, 656, 655, 654, 653, 652, 651, 650, 649, 648, 647, 646, 645, 1790, 1789, 1797, 1798, 1796, 1795, 1802, 1803, 1801, 1804, 1805, 1806, 1807, 1808, 1810, 1809, 1811, 1814, 1815, 1816, 1817, 1818, 1820, 1819, 1822, 1821, 1766, 1767, 1768, 1773, 1772, 1771, 1770, 1769, 1774, 1763, 1762, 1764, 1765, 1635, 1634, 1671, 1672, 1673, 1665, 1666, 1667, 1668, 1669, 1670, 1662, 1663, 1661, 1660, 1656, 1657, 1655, 1654, 1653, 1652, 1845, 1846, 1849, 1848, 1847, 2003, 2002, 2001, 1998, 1997, 1999, 1992, 1991, 1989, 1990, 1965, 1964, 1963, 1962, 1961, 1960, 1957, 1958, 1959, 1946, 1945, 1948, 1949, 1947, 1888, 1887, 1886, 1892, 1891, 1890, 1889, 1893, 1894, 1896, 1895, 1897, 1899, 1900, 1901, 1902, 1903, 1904, 1905, 1940, 1938, 1941, 1937, 1936, 1935, 1933, 1934, 1943, 1944, 1942, 1908, 1909, 1911, 1910, 1912, 1913, 1914, 1915, 1916, 1919, 1918, 1917, 1925, 1926, 1929, 1930, 1927, 1928, 1931, 1932, 1939, 1907, 1906, 1879, 1880, 1878, 1877, 1972, 1976, 1977, 1973, 1971, 1970, 1953, 1952, 1950, 1951, 1968, 1982, 1983, 1986, 1984, 1981, 1979, 1980, 1864, 1865, 1866, 1867, 1868, 1869, 1974, 1975, 1978, 1876, 1875, 1873, 1874, 1871, 1870, 1813, 1812, 1872, 1859, 1858, 1861, 1860, 1863, 1862, 1827, 1826, 1829, 1830, 1832, 1831, 1828, 1857, 1856, 1854, 1855, 1853, 1852, 1850, 1840, 1839, 1758, 1757, 1779, 1782, 1783, 1784, 1777, 1778, 1776, 1775, 1759, 1756, 1755, 1760, 1761, 1837, 1841, 1842, 1838, 1836, 1835, 1834, 1833, 1824, 1823, 1825, 1985, 1987, 1988, 1994, 1993, 1995, 1996, 2000, 2005, 2004, 1649, 1650, 1651, 2040, 2039, 2041, 2042, 2043, 2044, 2045, 2046, 2047, 2048, 2049, 2050, 2051, 2052, 2053, 2054, 2055, 2066, 2067, 2068, 2069, 2070, 2071, 2074, 2075, 2114, 2115, 2112, 2113, 2077, 2076, 2081, 2080, 2083, 2082, 2085, 2086, 2087, 1618, 1617, 1616, 1614, 1615, 1613, 1612, 1611, 1610, 1609, 1608, 1605, 1606, 2124, 2122, 2123, 2125, 2126, 2127, 2128, 2129, 2130, 2131, 2132, 2133, 2134, 2136, 2135, 2195, 2194, 2193, 2196, 2197, 2198, 2190, 2192, 2191, 2188, 2189, 2187, 2185, 2184, 2183, 2182, 2180, 2181, 2178, 2176, 2175, 2174, 2173, 2172, 2171, 2169, 2170, 2157, 2158, 2159, 2156, 2154, 2153, 2152, 2151, 2150, 2149, 2148, 2179, 2147, 2146, 2143, 2145, 2144, 2142, 2141, 2140, 2139, 2138, 2137, 2186, 2241, 2234, 2235, 2232, 2233, 2244, 2245, 2247, 2249, 2250, 2251, 2252, 2228, 2225, 2224, 2223, 2221, 2220, 2217, 2216, 2211, 2210, 2209, 2218, 2219, 2214, 2213, 2212, 2215, 2207, 2208, 2231, 2230, 2229, 2226, 2227, 2248, 2253, 2258, 2256, 2257, 2255, 1516, 1517, 1518, 1519, 1524, 1525, 1526, 1527, 1528, 1529, 1531, 1532, 1535, 1536, 1537, 1534, 1533, 1538, 1539, 1478, 1479, 1480, 1477, 1476, 1481, 1482, 1483, 1484, 1493, 1494, 1495, 1491, 1490, 1492, 1489, 1488, 1522, 1523, 1520, 1521, 1487, 1486, 1485, 1470, 1475, 1474, 1473, 1472, 1459, 1468, 1466, 1465, 1464, 1462, 1460, 1461, 1463, 1437, 1438, 1439, 1440, 1441, 1442, 1443, 1446, 1445, 1444, 1448, 1447, 1450, 1449, 1458, 1451, 1452, 1453, 1455, 1456, 1457, 1550, 1551, 1454, 1552, 1553, 1554, 1548, 1549, 1547, 1546, 1545, 1544, 1542, 1543, 1570, 1571, 1572, 1573, 1574, 1575, 1576, 1577, 1622, 1623, 1624, 1625, 1626, 1627, 1628, 1629, 1636, 1633, 1632, 1630, 1631, 1678, 1677, 1674, 1675, 1676, 1683, 1684, 1685, 866, 1686, 1687, 1690, 1691, 1692, 1695, 1694, 1693, 1712, 1713, 1716, 1714, 1715, 1733, 1734, 1732, 1731, 1724, 1725, 1727, 1728, 1729, 1730, 1723, 1718, 1717, 1722, 1721, 1720, 1719, 1697, 1698, 1699, 1700, 1701, 1702, 1703, 1705, 1704, 1706, 1707, 1708, 1709, 1710, 1711, 1696, 1689, 1688, 865, 864, 863, 861, 862, 858, 857, 855, 856, 852, 836, 837, 838, 839, 833, 834, 835, 829, 830, 831, 832, 827, 828, 825, 824, 823, 822, 821, 826, 820, 819, 818, 817, 816, 815, 814, 813, 802, 799, 800, 801, 897, 898, 899, 900, 896, 894, 901, 902, 903, 904, 905, 906, 992, 991, 990, 989, 988, 987, 1001, 1000, 999, 998, 997, 996, 1005, 1006, 1007, 892, 1004, 1003, 1002, 1008, 1009, 1010, 880, 881, 882, 883, 884, 885, 886, 887, 889, 888, 890, 891, 893, 994, 995, 993, 980, 979, 978, 977, 962, 961, 960, 959, 958, 957, 956, 955, 952, 953, 954, 920, 919, 918, 921, 923, 922, 924, 927, 926, 928, 931, 932, 933, 934, 935, 936, 937, 593, 592, 591, 590, 587, 586, 588, 585, 584, 583, 582, 581, 579, 578, 577, 576, 573, 574, 609, 610, 611, 612, 613, 614, 615, 616, 565, 566, 567, 564, 563, 562, 561, 558, 557, 556, 544, 545, 546, 547, 536, 533, 532, 530, 531, 529, 526, 527, 528, 497, 498, 499, 493, 494, 491, 490, 489, 501, 500, 496, 495, 503, 502, 506, 507, 508, 509, 510, 512, 520, 519, 518, 517, 516, 515, 513, 514, 521, 522, 525, 524, 523, 504, 505, 511, 568, 569, 571, 570, 572, 575, 605, 606, 608, 607, 603, 604, 602, 601, 600, 598, 596, 595, 594, 750, 749, 748, 746, 745, 744, 738, 739, 741, 742, 743, 740, 599, 597, 589, 942, 941, 945, 948, 947, 930, 946, 944, 943, 939, 938, 477, 476, 475, 474, 473, 472, 469, 470, 471, 465, 466, 464, 479, 480, 481, 462, 461, 460, 459, 458, 457, 447, 448, 446, 434, 433, 445, 444, 432, 431, 429, 430, 428, 435, 436, 437, 426, 425, 424, 427, 439, 438, 417, 416, 415, 414, 418, 440, 441, 442, 443, 413, 412, 411, 410, 409, 408, 407, 405, 404, 403, 402, 401, 393, 394, 395, 396, 299, 300, 397, 301, 302, 303, 304, 291, 290, 287, 285, 284, 283, 308, 309, 307, 306, 289, 292, 293, 294, 295, 296, 298, 297, 398, 399, 400, 392, 391, 390, 389, 388, 383, 382, 381, 379, 380, 377, 378, 376, 1096, 1095, 1094, 1093, 1092, 1091, 1090, 1089, 1119, 1118, 1117, 1116, 1121, 1122, 1123, 1124, 1126, 1115, 1114, 1113, 1112, 1104, 1103, 1102, 1101, 1100, 1099, 372, 371, 370, 369, 368, 366, 367, 365, 364, 362, 363, 361, 360, 359, 358, 356, 355, 357, 354, 353, 1147, 1146, 1144, 1143, 1142, 1141, 1140, 1136, 1135, 1109, 1108, 1107, 1106, 1105, 1111, 1110, 1130, 1129, 1128, 1127, 1125, 1068, 1067, 1065, 1066, 1064, 1058, 1059, 1060, 1061, 1062, 1063, 1029, 1028, 1031, 1030, 1035, 1034, 1032, 1033, 1435, 1436, 1430, 1429, 1428, 1427, 1426, 1433, 1432, 1431, 1434, 1048, 1047, 1039, 1038, 1037, 1036, 1081, 1082, 1083, 1084, 1086, 1087, 1088, 1085, 1098, 1097, 986, 985, 982, 983, 984, 981, 907, 908, 909, 910, 911, 912, 913, 914, 916, 917, 915, 421, 422, 423, 420, 419, 965, 966, 967, 968, 970, 971, 969, 974, 973, 972, 975, 976, 963, 964, 406, 266, 267, 230, 231, 232, 234, 235, 236, 237, 240, 238, 239, 241, 242, 243, 262, 261, 260, 259, 258, 257, 256, 255, 254, 253, 252, 247, 189, 190, 192, 191, 193, 194, 195, 198, 197, 196, 133, 132, 131, 135, 134, 138, 139, 140, 141, 90, 91, 92, 105, 106, 107, 111, 112, 110, 109, 108, 122, 221, 220, 123, 124, 120, 121, 119, 118, 117, 116, 115, 114, 113, 102, 103, 104, 95, 94, 98, 97, 96, 101, 100, 99, 127, 126, 125, 204, 205, 206, 207, 208, 209, 216, 217, 218, 219, 248, 249, 246, 245, 250, 185, 186, 184, 168, 169, 167, 1193, 1194, 1195, 1196, 1177, 1176, 1175, 1173, 1174, 1182, 1181, 1180, 1184, 1186, 1183, 1185, 174, 173, 172, 171, 170, 180, 181, 182, 183, 179, 178, 177, 176, 175, 352, 351, 350, 349, 346, 345, 343, 342, 344, 347, 348, 310, 340, 338, 334, 333, 332, 335, 337, 336, 331, 329, 328, 327, 326, 324, 325, 323, 322, 314, 315, 317, 319, 318, 305, 316, 312, 313, 339, 330, 311, 321, 320, 387, 386, 385, 384, 375, 374, 373, 1170, 1168, 1169, 1172, 1171, 1165, 1164, 1162, 1161, 1160, 1159, 1158, 1157, 1156, 1155, 1151, 1152, 1153, 1154, 1148, 1149, 1150, 1132, 1131, 1133, 1134, 1137, 1138, 1139, 1145, 273, 272, 271, 270, 279, 280, 281, 282, 277, 276, 275, 274, 263, 264, 265, 233, 269, 268, 278, 286, 288, 1223, 1224, 1219, 1220, 1221, 1222, 1218, 1217, 1216, 1215, 1255, 1256, 1254, 1253, 1257, 1259, 1258, 1260, 1261, 1262, 1263, 1264, 1265, 1266, 1267, 1269, 1268, 48, 47, 46, 45, 44, 43, 42, 41, 40, 39, 37, 38, 36, 35, 34, 33, 1282, 1399, 1401, 1400, 1405, 1404, 1402, 1403, 1407, 1409, 1410, 1411, 1412, 1413, 1406, 1339, 1340, 1338, 1337, 1335, 1336, 1333, 1341, 1345, 1344, 1347, 1348, 1353, 1354, 1355, 1357, 1356, 1280, 1279, 1278, 1277, 1276, 1275, 1274, 1273, 1272, 1271, 1270, 51, 52, 53, 50, 49, 59, 58, 57, 56, 55, 54, 65, 64, 71, 72, 73, 74, 63, 1210, 1211, 1212, 1206, 1204, 1203, 1202, 1201, 1200, 1199, 1198, 1197, 155, 156, 153, 149, 148, 147, 146, 145, 144, 143, 142, 78, 79, 80, 82, 81, 83, 85, 84, 87, 86, 88, 89, 159, 158, 157, 1192, 1191, 1190, 1189, 1188, 1187, 1178, 1179, 1167, 1166, 1163, 1231, 1230, 1229, 1226, 1225, 1227, 1228, 1244, 1245, 1243, 1242, 1241, 1240, 1239, 1238, 1235, 1236, 1237, 1234, 1232, 1233, 1252, 1251, 1250, 1249, 1247, 1248, 1246, 1384, 1385, 1387, 1388, 1386, 1390, 1391, 1389, 1382, 1383, 1381, 1380, 1379, 1378, 1377, 1376, 1375, 1374, 1372, 1373, 1360, 1361, 1362, 1371, 1370, 1363, 1364, 1365, 1394, 1395, 1396, 1397, 1358, 1359, 1369, 1367, 1368, 1392, 1393, 1398, 1366, 1416, 1415, 1414, 1417, 1418, 1419, 1420, 1421, 1422, 1423, 1424, 1425, 1042, 1041, 1040, 1046, 1050, 1049, 1051, 1053, 1052, 1057, 1054, 1055, 1056, 1069, 1071, 1072, 1073, 1080, 1079, 1075, 1078, 1076, 1077, 1017, 1018, 1019, 1020, 1021, 1022, 1023, 1024, 1025, 1026, 1027, 1070, 1120, 1074, 1015, 1014, 1013, 1012, 1011, 860, 859, 854, 853, 851, 850, 849, 848, 847, 846, 668, 669, 670, 1750, 1751, 1752, 1753, 1754, 1749, 1747, 1748, 686, 687, 685, 688, 689, 690, 691, 692, 693, 694, 695, 635, 696, 697, 634, 633, 636, 639, 638, 637, 632, 631, 630, 629, 628, 625, 627, 626, 621, 619, 618, 617, 559, 560, 554, 555, 553, 552, 551, 550, 549, 548, 542, 543, 538, 537, 534, 535, 539, 540, 541, 580, 484, 483, 482, 485, 486, 487, 488, 453, 452, 450, 451, 449, 455, 454, 456, 463, 467, 468, 949, 951, 950, 925, 793, 794, 795, 798, 803, 804, 811, 810, 809, 812, 808, 807, 805, 806, 797, 796, 790, 791, 792, 785, 784, 783, 782, 781, 780, 779, 778, 777, 758, 759, 760, 761, 762, 764, 765, 767, 768, 773, 772, 771, 774, 775, 769, 770, 766, 763, 843, 844, 845, 842, 841, 840, 757, 756, 755, 754, 753, 751, 752, 747, 787, 786, 788, 789, 940, 929, 776, 1560, 878, 877, 876, 875, 874, 873, 871, 872, 868, 870, 869, 867, 1682, 1681, 1563, 1680, 1564, 1565, 1566, 1568, 1569, 1567, 1559, 1558, 1557, 1556, 1555, 1016, 1562, 1561, 879, 1658, 1659, 1664, 1645, 1646, 1647, 1648, 1644, 1643, 1642, 1641, 1640, 1639, 1637, 1638, 2059, 2060, 2058, 2036, 2035, 2034, 2033, 2032, 2031, 2030, 2038, 2037, 2061, 2063, 2062, 2065, 2064, 2057, 2056, 2095, 2094, 2093, 2091, 2092, 2088, 2089, 2090, 2022, 2021, 2026, 2025, 2028, 2027, 2020, 2018, 2016, 2017, 2015, 2014, 2013, 2012, 2011, 2007, 2008, 2009, 2010, 2006, 2023, 2024, 2029, 2118, 2116, 2119, 2120, 2121, 2106, 2105, 2109, 2110, 2111, 2107, 2108, 2103, 2104, 2102, 2101, 2100, 2099, 2098, 2097, 2096, 1921, 1922, 1923, 1924, 1920, 1883, 1884, 1885, 1882, 1881, 1956, 1955, 1954, 1969, 1966, 1967, 1851, 1843, 1844, 1726, 1737, 1735, 1736, 1745, 1744, 1746, 1743, 1742, 667, 671, 1741, 1740, 1739, 1738, 1786, 1788, 1787, 1799, 1800, 1791, 1792, 1793, 1794, 644, 643, 642, 640, 641, 707, 681, 680, 679, 678, 682, 683, 684, 1781, 1780, 1785, 1585, 1586, 1587, 1588, 1589, 1590, 1621, 1620, 1619, 1591, 1592, 1593, 1594, 1595, 1596, 1597, 1598, 1599, 1601, 1602, 1600, 2202, 2201, 2200, 2199, 2204, 2206, 2205, 2203, 2237, 2238, 2239, 2240, 2242, 2243, 2236, 2222, 2254, 2260, 2261, 2262, 2263, 2264, 2265, 1507, 1508, 1509, 1510, 1511, 1502, 1500, 1499, 1501, 1497, 1498, 1496, 1328, 1329, 1330, 1331, 1332, 1334, 1321, 1323, 1324, 1325, 1326, 1327, 1317, 1346, 1287, 1288, 1289, 1290, 1291, 1292, 1293, 1294, 1295, 30, 31, 32, 29, 28, 24, 25, 26, 27, 1299, 1300, 1301, 1302, 1306, 1304, 1303, 1307, 1308, 2322, 2323, 2324, 2331, 2332, 2330, 2329, 2374, 2371, 2372, 2336, 2335, 2334, 2333, 2379, 2378, 2377, 2375, 2376, 2328, 1, 2386, 2, 3, 4, 5, 7, 8, 6, 12, 13, 11, 10, 9, 14, 15, 16, 17, 1296, 1297, 1298, 18, 19, 20, 23, 22, 21, 2366, 2365, 2367, 2368, 2370, 2369, 2380, 2381, 2382, 2383, 2384, 2385, 2388, 2387, 2389, 2390, 2391, 0, 2325, 2326, 2327, 1305, 1310, 2318, 2319, 2321, 2320, 2317, 2316, 2315, 2313, 2312, 2311, 2310, 2309, 2308, 2306, 2307, 2305, 2303, 2304, 2302, 2301, 2300, 2299, 2298, 2297, 2296, 2295, 2294, 2291, 2293, 2292, 2273, 2274, 2275, 2276, 2277, 2278, 2279, 2280, 2281, 2282, 2283, 2288, 2286, 2287, 2290, 2289, 2284, 2285, 2340, 2341, 2342, 2343, 2344, 2346, 2364, 2363, 2361, 2362, 2347, 2351, 2350, 2349, 2348, 2352, 2359, 2358, 2357, 2356, 2353, 2354, 2355, 2162, 2161, 2163, 2164, 2166, 2165, 2167, 2168, 2177, 2155, 2160, 2270, 2271, 2272, 2269, 2268, 2267, 2266, 1512, 1513, 1514, 1515, 1503, 1505, 1506, 1504, 1342, 1343, 1316, 1318, 1319, 1320, 1314, 1315, 1350, 1351, 1352, 1349, 1284, 1283, 1286, 1285, 1281, 61, 60, 62, 68, 67, 66, 70, 69, 75, 77, 76, 1209, 1208, 1207, 1205, 152, 150, 151, 154, 1213, 1214, 160, 161, 162, 164, 163, 165, 166, 187, 188, 212, 213, 215, 214, 227, 226, 225, 224, 223, 222, 210, 211, 200, 199, 201, 202, 203, 251, 244, 228, 229, 128, 130, 129, 93, 137, 136, 1043, 1044, 1045, 1467, 1469, 1471, 1540, 1541, 1582, 1581, 1580, 1579, 1578, 1584, 1583, 1530, 1603, 1604, 1607, 2072, 2073, 2079, 2078, 2084, 2019, 2117, 1679, 895, 1312, 1313, 1311, 1309, 2314, 2345, 2339, 2338, 2337, 2373, 2360, 1322, 1408, 2259, 2246, 341, 478, 492, 716, 1898, 710]
burma14.tsp;3839,0;0,005;15,528;QAS;visibility;[1, 0, 8, 10, 7, 12, 6, 11, 5, 4, 3, 13, 2, 9, 1]
burma14.tsp;3506,0;0,037;5,507;QAS;visibility;[4, 11, 5, 6, 12, 0, 7, 10, 8, 9, 1, 2, 13, 3, 4]
burma14.tsp;3717,0;0,005;11,857;QAS;visibility;[4, 11, 5, 6, 12, 8, 10, 7, 0, 1, 9, 13, 2, 3, 4]
burma14.tsp;3439,0;0,004;3,491;QAS;visibility;[4, 11, 5, 6, 12, 7, 0, 8, 10, 9, 1, 13, 2, 3, 4]
gr24.tsp;1521,0;0,015;19,575;QAS;visibility;[3, 11, 23, 5, 6, 7, 4, 20, 10, 2, 9, 16, 18, 21, 17, 14, 1, 19, 13, 12, 8, 22, 0, 15, 3]
